{"type":"Topology","arcs":[[[279721,52459],[39,-9],[57,-110],[63,-65],[-39,-92],[-52,-53],[-45,-11],[2,73],[27,32],[8,120],[-86,95],[26,20]],[[242147,36979],[-183,23],[-5,-35],[-99,-86],[-49,-18],[-90,28],[-6,-57],[-60,-83],[9,-33]],[[241664,36718],[-98,-39],[-149,-101],[-40,-68],[49,-56],[-122,-96],[-59,-20],[-97,-75],[-35,-115],[18,-130],[40,-18],[9,-63],[-90,-45],[-84,-77],[-12,-57],[-47,-16],[-67,-55],[-130,-192],[20,-47],[-28,-36],[14,-70],[39,-32],[29,-76],[-72,-33],[-70,-148],[-51,5],[-117,-149],[-72,-36],[32,-71],[-69,-21],[-67,-51],[-9,-68],[24,-21],[-10,-65],[-107,-120],[4,-36],[-70,-7],[-62,46],[-88,33],[-89,-35],[-30,43],[-101,-34],[84,-45],[4,-45],[78,-69],[-22,-61],[102,-66],[10,-50],[-52,-176],[-173,-22],[-39,-46],[3,-42],[-100,-99],[-28,-62],[34,-75],[15,-106],[-27,-54],[23,-38],[-41,-103],[39,-78],[5,-71],[-52,-66],[-36,-88],[1,-60],[-40,-82],[22,-62],[-51,-138],[-5,-125],[37,-33],[-7,-168],[68,-142],[-15,-49],[10,-79],[-67,-90],[28,-65],[-26,-53],[-133,-103],[-83,-99],[-12,-60],[-62,-92],[15,-100],[65,-32],[-54,-62],[7,-57],[-78,-100],[-7,-63],[32,-48],[-32,-133],[48,-43],[-48,-110],[-148,-226],[-120,-206],[-12,-70],[-43,-48],[-18,-89],[53,-33],[-37,-39],[-16,-110],[-50,-91],[-57,-22],[-60,-74],[-37,-139],[52,-50],[-67,-89],[2,-124],[-67,19],[-42,-50],[-10,-81],[63,-86],[46,26],[41,-44],[-30,-53],[-20,-117],[12,-60],[67,-69],[-22,-73],[21,-72],[-89,41],[-64,-68],[-98,-63],[-48,-6],[-24,-57],[27,-42],[73,8],[45,-40],[109,-10],[36,52],[57,-22],[171,-160],[79,-8],[31,-161],[29,-46],[11,-116],[42,-39],[5,-46],[86,-93],[-155,22],[-134,62],[-90,-41],[-58,-55],[-46,-86],[35,-56],[67,-51],[29,-90],[-60,-83],[-40,-115],[24,-62],[-6,-78],[21,-80],[75,-87],[-12,-90],[19,-29],[-3,-134]],[[238885,26757],[-818,303],[-908,338],[-1060,399],[-674,254],[-960,365],[-873,333],[-1235,476],[-1476,574],[-40,-35],[-73,49],[-62,12],[-53,-24],[-80,-4],[-28,-40],[-51,39],[-19,71],[73,105],[53,22],[29,80],[207,171],[20,73],[83,103],[51,136],[-39,31],[30,58],[-62,43],[-113,39],[-60,7],[-60,74],[-83,-26],[-40,68],[69,109],[-51,98],[-43,36],[33,43],[-7,84],[-64,34],[-102,21],[-4,86],[-45,57],[-72,12],[-50,73],[-28,107],[-25,33],[78,144],[-27,59],[-64,35],[35,29],[-42,167],[11,53],[-32,25],[27,58],[-35,32],[61,82],[-25,60],[-59,68],[42,54],[-29,22],[30,73],[-126,42],[-57,51],[24,99],[-71,48],[50,96],[35,24],[-7,46],[-117,21],[-100,-14],[-117,18],[2,55],[-53,9],[22,69],[-18,66],[-126,-14],[-54,33],[-105,7],[-78,40],[-65,2],[-29,53],[-66,15],[-87,-20],[-88,59],[-73,-7],[-148,120],[-98,-44],[-147,-23],[-52,-25],[-18,-50],[-81,-27],[-66,-41],[-104,41],[-34,-32],[41,-45],[-66,-24],[-63,-51],[-132,73],[-48,44],[-13,59],[-61,67],[-78,-10],[-78,21],[-35,-59],[-113,21],[-120,40],[-52,-45],[-5,-85],[-36,7],[-103,-72],[-34,-49],[-32,-102],[28,-35],[-154,-120],[-51,13],[-29,52],[-165,25],[-96,4],[-72,-40],[-98,-9],[-92,49],[-100,32],[-30,-20],[-80,30],[-42,43],[-21,91],[-43,-14],[-39,-78],[-34,-16],[14,-57],[-22,-72],[-47,1],[-115,-93],[16,-36],[-48,-35],[-16,-57],[-61,-47],[-85,109],[-123,10],[-73,22],[-62,-14],[-37,-40],[-22,-90],[-151,40],[-46,100],[-96,-20],[-34,60],[-109,-56],[-56,19],[-47,-28],[-51,106],[-84,28],[-160,-3],[-43,33],[-90,25],[8,59],[-71,19],[-59,-32],[-93,-21],[-56,47],[-87,31],[-109,103],[-41,11],[-43,83],[-172,-19],[-28,44],[-62,-101],[-81,44],[-23,51],[-114,24],[-3,-58],[-54,-50],[-143,100],[-91,0],[-150,-95],[-21,-83],[-78,-19],[-6,-67],[33,-37],[-90,-57],[-89,50],[-6,39],[-67,11],[-6,-69],[-173,32],[-13,86],[-53,-2],[-16,-46],[-74,57],[-55,-62],[-207,-10],[-54,-52],[-36,23],[-19,73],[-86,-23],[-58,37],[-153,9],[-55,-25],[-169,31],[-118,79],[-202,-80],[-85,32],[-70,61],[-5,59],[-162,57],[-31,47],[-127,-18],[-42,10],[-96,-59],[-22,-59],[-228,1],[-1,39],[-73,5],[-90,61],[-45,-25],[-93,93],[-59,23],[-69,53],[-56,-26],[-51,21],[-68,100],[-120,60],[-32,113],[-74,-35],[-89,34],[-28,60],[-84,72],[-26,61],[-115,54],[-50,-59],[-80,38],[-41,-18],[-103,12],[-51,-69],[-44,24],[-36,-60],[-99,32],[-41,-31],[-4,-57],[-104,-6],[-156,-67],[-124,64],[-78,-41],[-105,16],[-105,89],[-64,24],[-99,-10],[-7,-42],[-116,32],[-64,0],[-65,-32],[-153,64],[-108,15],[-52,-19],[-116,3],[-18,-31],[-98,-9],[-120,-81],[-70,5],[-114,-15],[-51,-32],[31,-76],[-46,-53],[-17,-69],[-36,-20],[-18,-66],[35,-128],[-116,-29],[-33,-87],[103,-70],[-1,-33],[87,-68],[10,-58],[64,-26],[21,-69],[-20,-31],[-79,-34],[-82,-12],[-62,65],[-86,17],[-112,-2],[-62,26],[-147,-109],[6,-59],[-87,-25],[-82,-92],[-39,44],[-46,-60],[-60,29],[-117,-1],[-19,53],[-112,-20],[3,55],[-33,40],[-121,-1],[-10,28],[44,67],[-177,-19],[1,88],[-71,24],[-56,-19],[12,-62],[-49,-43],[-35,50],[44,109],[-57,14],[-102,-12],[-24,77],[-95,32],[-15,46],[-107,37],[-42,-7],[-28,94],[-93,25],[-55,66],[-75,50],[-114,43],[-74,90],[-65,26],[19,74],[-40,27],[9,89],[-71,3],[-67,80],[3,70],[-48,20],[49,79],[-105,63],[-1,48],[-136,47],[-1,28],[-92,69],[-67,21],[-82,-73],[-92,106],[4,33],[-83,28],[-67,45],[-7,76],[-83,4],[-43,66],[-99,-6],[-45,111],[-58,-2],[-103,88],[-20,103],[-37,48],[-192,60],[8,23],[-78,37],[6,28],[-158,9],[-17,-39],[-88,43],[44,34],[-32,48],[-80,9],[-15,48],[-54,70],[-179,17],[-31,24],[-79,11],[-120,47],[-119,98],[-65,15],[-40,76],[-67,13],[-59,51],[-118,-5],[-22,37],[41,60],[-97,54],[-170,-15],[-48,46],[-94,41],[-104,-99],[-52,-27],[-58,38],[-118,115],[-25,46],[-70,58],[-89,15],[3,84],[63,82],[34,87],[-38,57],[-48,128],[38,3],[26,91],[-70,48],[-79,-21],[-14,-39],[-62,-14],[-43,30],[-124,-30],[-93,2],[-30,69],[-83,57],[-98,1],[-30,-22],[-97,7],[-60,82],[37,118],[-77,102],[-112,75],[-36,71],[-6,141],[-77,88],[55,4],[4,135],[-80,73],[26,29],[-19,46],[1,87],[39,35],[57,-2],[5,92],[-41,35],[-44,112],[40,-1],[74,89],[-13,41],[61,161],[-55,53],[20,39],[-94,36],[-70,-8],[-34,40],[-107,-65],[-46,26],[0,52],[-86,45],[76,30],[-40,33],[-61,-26],[-26,48],[-61,-3],[-144,83],[-17,65],[-107,-30],[-20,82],[-81,-39],[-61,38],[-109,-3],[-25,33],[-63,-31],[-110,56],[-34,-40],[-80,-21],[-42,37],[-76,-4],[-26,38],[20,64],[-98,15],[-63,-11],[26,-54],[-66,-39],[-20,65],[-131,72],[-43,44],[-101,-21],[-12,-62],[-114,-19],[-28,62],[-29,132],[-32,36],[-67,-17],[-17,54],[-136,11],[-78,77],[55,47],[-17,33],[57,43],[-72,49],[-52,-63],[-4,-60],[-106,-1],[29,-74],[-77,-27],[-64,14],[-146,-15],[21,-40],[-31,-120],[-36,-47],[27,-37],[65,-17],[-36,-62],[-87,30],[-16,-37],[52,-106],[-26,-43],[54,-23],[-77,-81],[-111,48],[-172,-43],[12,-71],[122,-41],[-9,-49],[-55,-38],[-74,-4],[-88,53],[-205,42],[-113,14],[-75,42],[-41,46],[61,69],[-15,41],[41,41],[-24,55],[-70,81],[71,25],[-12,36],[-91,-64],[-87,27],[2,114],[-60,100],[56,101],[-23,44],[31,34],[-22,47],[-87,18],[13,-55],[-75,-14],[-50,57],[-78,-13],[20,53],[-82,18],[-71,36],[-37,60],[70,14],[-34,51],[71,84],[-139,19],[61,47],[-94,27],[50,101],[-56,120],[-3,105],[84,49],[-9,58],[102,41],[-32,55],[56,40],[-142,47],[-74,-41],[-122,-1],[-35,31],[-96,25],[-53,34],[-38,53],[-151,-19],[-27,48],[72,44],[-17,41],[22,43],[-63,78],[35,12],[3,58],[-37,42],[34,26],[-64,41],[-5,75],[-35,34],[-98,-8],[-67,34],[-34,-38],[-45,7],[-30,49],[29,82],[-90,13],[-35,-47],[-87,2],[10,-62],[-76,-13],[-98,18],[-18,64],[-52,23],[39,49],[-3,46],[-102,22],[-80,-16],[-6,69],[-87,33],[0,-86],[-134,56],[-62,-32],[9,-66],[-34,-7],[-77,73],[-33,-10],[-78,34],[-84,12],[-82,-14],[12,-49],[-35,-22],[-146,22],[-24,-27],[-77,20],[-104,51],[-67,17],[-57,-11],[-131,49],[-70,-11],[-58,-40],[-54,83],[-70,-28],[-53,4],[-107,-68],[-84,-14],[-13,-85],[-90,-70],[-57,2],[14,-55],[-57,-28],[-32,-100],[-66,29],[-144,-50],[-13,-34],[-70,21],[-46,74],[16,50],[-73,99],[-97,-21],[-27,-26],[-65,18],[-38,-27],[-54,41],[-4,55],[-87,-20],[-38,98],[-55,-33],[-36,50],[-91,42],[-62,6],[-12,-53],[-65,-32],[-83,33],[-4,53],[-133,36],[-64,48],[-35,56],[-62,27],[-180,50],[-125,-122],[-52,32],[-67,11],[2,66],[-72,13],[-76,-16],[-57,16],[-45,47],[-42,-18],[42,-62],[-25,-33],[-133,95],[-66,-31],[-37,38],[-138,35],[-32,29],[6,68]],[[198562,41704],[-1,1033],[-1,902],[-1,1044],[-1,1141],[-1,951],[0,899],[-1,1228],[-1,543],[-1,1028],[-1,1264],[-1,796],[0,687],[-1,1054],[0,738],[0,915],[0,881],[-1,1014],[0,924],[-1,629],[0,737],[-1,1117],[-2,1147],[-1,883]],[[198545,63259],[902,0],[782,0],[974,0],[940,0],[984,0],[776,0],[936,0],[899,0],[899,0],[903,0],[787,0],[1006,0],[899,0],[1125,-1],[1422,0],[1409,1],[888,0],[1113,0],[1479,0],[1098,0],[1122,0],[754,0],[742,0],[1113,0],[1113,0],[776,-1],[1079,0],[537,0],[1169,0],[890,0],[793,0],[987,0],[966,0],[1099,0],[1314,1],[1090,0],[59,59],[5,30],[139,43],[66,42],[75,24],[131,281],[-41,5],[114,120],[0,63],[80,50],[69,8],[66,-24],[50,33],[17,45],[-14,46],[94,-17],[117,70],[8,74],[137,62],[38,3],[23,55],[62,43],[150,31],[63,89],[77,-4],[82,55],[74,12],[80,31],[111,-21],[49,83],[29,-2],[116,160],[-5,50],[56,23],[-16,40],[58,32],[18,38],[88,7],[29,40],[117,38],[52,-25],[83,27],[83,-16],[72,30],[113,-30],[60,-96],[85,27],[51,-19],[28,-56],[105,-37],[41,-51],[76,6],[58,79],[152,-21],[13,26],[79,-12],[176,30],[66,-26],[57,42],[198,-13],[67,-51],[70,-1],[16,37],[74,5],[81,-19],[50,23],[38,-18],[73,18],[134,75],[19,31],[79,15],[63,-29],[86,41],[59,-26],[73,27],[22,57],[54,-27],[39,36],[78,-9],[132,43],[20,-29],[196,-55],[59,21],[38,59],[62,11],[84,50],[71,-6],[42,19],[37,-48],[86,-35],[43,-65],[91,-12],[18,-60],[38,0],[6,-72],[29,-67],[96,-55],[48,29],[61,-35],[-7,-71],[61,-1],[64,-52],[81,-19],[118,49],[123,-21],[92,-43],[78,3],[37,42],[102,23],[78,-37],[3,-27],[145,-23],[43,50],[125,48],[45,-33],[56,33],[39,-6],[114,83],[114,5],[137,-46],[51,-40],[94,-12],[21,-41],[137,-31],[62,-60],[24,12],[95,-42],[65,34],[67,-57],[51,-22],[11,-75],[85,-57],[49,-5],[73,22],[142,-47],[68,-50],[13,-61],[-35,-7],[17,-98],[73,-17],[2,-79],[-21,-16],[9,-71],[32,-37],[56,-5],[107,51],[93,-9],[54,-60],[44,0],[31,-41],[131,-23],[45,-51],[128,-30],[69,-86],[106,-21],[9,-45],[78,-53],[76,-28],[31,-45],[-5,-63],[-39,-38],[50,-129],[2,-63],[-43,-31],[50,-47],[3,-126],[-48,-49],[18,-98],[57,-64],[42,0],[77,-105],[-40,-34],[12,-63],[120,-78],[89,30],[166,-21],[65,100],[68,21],[101,78],[46,59],[23,81],[109,46],[28,68],[41,26],[-55,36],[32,64],[-10,52],[49,101],[77,74],[64,42],[33,113],[99,49],[55,-10],[52,57],[95,31],[114,6],[58,20],[72,52],[39,-9],[52,80],[43,2],[47,72],[31,-16],[59,37],[88,-208],[76,-85],[47,-13],[18,-82],[133,51],[29,-62],[56,-18],[44,31],[19,60],[-21,46],[21,82],[90,27],[40,-30],[121,1],[81,-29],[41,-34],[64,27],[108,12],[151,87],[31,-42],[41,8],[57,68],[54,139],[-92,35],[28,59],[55,36],[4,168],[28,36],[-19,103],[51,70],[-24,36],[151,101],[-43,50],[8,50],[-70,12],[-61,76],[-111,-5],[-55,65],[2,44],[-52,68],[13,43],[-35,139],[-86,41],[-45,40],[-16,100],[9,89],[80,61],[43,7],[27,-96],[53,-10],[73,12],[10,30],[75,46],[44,53],[97,43],[12,71],[45,-9],[189,43],[61,37],[30,41],[102,43],[97,-26],[83,2],[56,-47],[99,134],[95,73],[28,43],[68,-9],[115,102],[155,5],[66,29],[39,-21],[90,-12],[71,94],[74,66],[-31,91],[49,47],[102,9],[6,51],[70,67],[10,46],[92,6],[114,37],[56,-50],[67,-22],[-35,-89],[-13,-83],[58,-23],[68,-56],[83,-10],[32,-54],[100,137],[-20,69],[27,52],[64,-15],[49,-90],[51,-37],[87,10],[65,-35],[1,-35],[65,-37],[46,-4],[44,-37],[66,1],[78,-64],[47,-21],[40,49],[79,28],[72,-34],[71,14],[1,37],[99,96],[33,-10],[48,47],[129,-3],[99,-59],[175,-40],[153,13],[47,-27],[119,-14],[54,14],[72,-23],[122,-3],[40,-34],[150,-27],[102,121],[-20,55],[78,55],[117,49],[-36,57],[63,24],[-17,65],[23,41],[52,9],[51,-39],[35,15],[52,-44],[63,-8],[50,77],[90,16],[59,40],[86,2],[38,-26],[112,12],[42,-58],[116,13],[112,54],[5,30],[67,72],[41,16],[94,87],[76,26],[71,80],[78,23],[203,-78],[95,46]],[[254955,66840],[-104,-111],[-79,4],[4,-45],[-72,-12],[35,-91],[73,14],[-29,51],[17,66],[165,2],[-26,75],[33,21],[63,-134],[-13,-125],[19,-68],[65,-48],[-43,-158],[-22,-143],[21,-33],[10,-123],[-46,-130],[-64,-299],[-9,-151],[5,-121],[36,-161],[45,-127],[87,-124],[85,-65],[64,-13],[29,-32],[-55,-124],[-18,-98],[22,-85],[-31,-41],[-66,-173],[-3,-128],[45,-36],[-6,-137],[-69,-141],[-59,19],[-43,-19],[-82,26],[-70,-10],[-16,-32],[115,-2],[76,-29],[-327,-365],[-158,-210],[-55,-97],[-56,-127],[-30,-129],[9,-47],[72,-33],[-11,-132],[-133,-117],[-120,-157],[-19,-44],[-65,-78],[-100,-159],[-37,-95],[-11,-79],[15,-96],[34,-54],[53,-17],[51,-51],[-27,-76],[7,-45],[-30,-95],[22,-72],[-44,-118],[41,-71],[-39,-59],[18,-39],[-24,-61],[11,-42],[-40,-34],[-56,-116],[-31,-127],[43,-70],[-50,-68],[-32,-78],[-7,-101],[56,-30],[-129,-175],[-59,-163],[50,-98],[-68,-95],[29,-115],[-43,-25],[-67,-116],[-11,-119],[31,-39],[-12,-104],[-47,-49],[-4,-77],[-30,-18],[-92,-117],[-160,-254],[-3,-74],[34,-59],[-23,-123],[55,-43],[-54,-138],[10,-64],[-158,-183],[-57,-155],[-71,-121],[30,-80],[-27,-64],[7,-72],[-88,-75],[-66,-104],[-21,-95],[-104,-118],[-27,-95],[16,-23],[-113,-122],[-43,-63],[-43,-103],[-30,-149],[18,-58],[-54,-72],[-20,-68],[9,-69],[-20,-84],[31,-121],[-75,-123],[-38,-105],[-15,-150],[12,-41],[47,-32],[-20,-160],[19,-44],[12,-166],[33,-92],[53,-72],[63,-40],[176,-28],[25,-75],[30,-29],[-16,-53],[-125,-140],[-63,-126],[-26,-118],[3,-76],[26,-57],[93,-45],[-74,-100],[-65,-58],[-160,-174],[-59,-89],[-42,-117],[-3,-65],[-48,-92],[-18,-113],[46,-67],[-17,-60],[-6,-147],[34,-40],[-65,-62],[-94,-122],[-70,-117],[-30,-85],[-3,-67],[49,-48],[48,-112],[-5,-64],[-121,-97],[-144,-137],[-107,-129],[-55,-126],[36,-41],[-61,-105],[0,-44],[39,-45],[-128,-106],[-72,-99],[-25,-92],[52,-44],[-27,-37],[-151,-149],[-91,-112],[-52,-127],[15,-58],[47,-36],[-117,-62],[-90,-70],[-45,-8],[-248,-183],[-121,-115],[-67,-100],[-72,-66],[-51,-103],[-53,-39],[-49,-74],[-10,-52],[29,-42],[-1,-66],[-112,-107],[-62,-125],[-16,-78],[2,-82],[35,-59],[100,-19],[33,-81],[77,-23],[46,-36],[-19,-57],[-107,-92],[-72,-128],[-15,-136],[97,-112],[-64,-139],[6,-30],[-48,-58],[-23,-82],[16,-81],[72,-60],[-94,-40],[-144,-34],[-168,-51],[-143,-56],[-30,-23],[-192,-79],[-129,-79],[-106,-90],[-46,-54],[-65,-135],[-20,-16],[-175,-58],[-133,-78],[-105,-124],[-21,-112],[-83,17],[-45,-15],[-71,12],[-75,77],[-80,-83],[-174,-38],[-58,30],[33,129],[-36,12],[-52,-47],[13,-62],[-163,33],[-39,-11],[-64,37],[-66,11],[-84,-71],[0,-59],[81,-7],[28,-65],[-49,-29],[-109,-25],[2,-51],[70,-19],[120,36],[108,-2],[54,27],[90,-37],[92,15],[60,32],[69,-43],[97,51],[77,-16],[77,14],[67,31],[46,-42],[61,2],[-9,-79],[-50,-22],[11,-50],[-74,-46],[-144,-6],[-52,-112],[-51,19],[-51,-12],[-83,31],[-54,-3],[-244,-50],[-252,-74],[-314,-116],[-130,-58],[-191,-106],[-75,-64],[-2,158],[43,21],[73,88],[-45,45],[-111,1],[-51,-21],[5,-49],[-24,-67],[67,-130],[-59,-80],[6,-101],[93,0],[-244,-165],[-49,-65],[19,-43],[-11,-96],[-95,-48],[-144,-101],[-51,-53],[-31,-74],[-66,-22],[-7,67],[29,19],[44,104],[-33,24],[-74,7],[-23,76],[55,31],[-50,42],[55,37],[10,43],[-123,54],[-33,-24],[47,-48],[-54,-73],[-106,3],[100,-119],[-68,-14],[34,-106],[-49,7],[-25,-88],[-52,-1],[-53,35],[-58,-12],[-57,-89],[-106,-33],[16,-50],[110,3],[41,53],[82,-36],[-17,-78],[-107,4],[-5,-41],[-76,4],[-7,-36],[44,-104],[73,13],[74,-72],[39,90],[-74,26],[20,60],[43,-19],[79,42],[31,-28],[-15,-73],[76,12],[-7,66],[47,25],[17,109],[47,34],[102,2],[-27,-193],[-56,-55],[12,-105],[-52,-56],[-6,-43],[-100,-57],[-125,-110],[-35,-55],[-2,-96],[48,-39],[-17,-37],[-248,-123],[29,71],[93,80],[14,30],[-29,61],[58,65],[54,13],[-8,41],[54,29],[52,82],[-52,53],[-85,-14],[37,-37],[-62,-112],[-82,-12],[-54,73],[-50,-14],[-7,-40],[41,-45],[12,-79],[-97,-8],[-47,-82],[-58,-9],[-23,-43],[-75,-20],[-49,-44],[62,-70],[-51,-12],[-21,-55],[62,-70],[73,-35],[72,45],[63,68],[27,-65],[-70,-75],[-25,-52],[15,-39],[-48,-63],[-34,-10],[-112,-120],[9,-41],[-45,-75],[37,-111],[-46,-1],[-66,-84],[10,-30],[-69,-47],[-84,18],[-24,-35],[-55,14],[-95,-46],[-51,11],[94,98],[-51,38],[52,68],[80,0],[17,84],[-53,-12],[-57,-65],[-58,29],[79,54],[-29,39],[27,92],[-65,-10],[-60,17],[-14,-64],[-69,-36],[103,-111],[-22,-62],[66,-33],[-71,-71],[-51,-7],[-46,-66],[5,-55],[-36,-11],[-112,26],[-85,-83],[-55,63],[42,75],[-64,64],[-138,8],[-1,34],[-69,14],[-144,67],[-41,33],[55,88],[-91,50],[-19,-56],[30,-66],[-24,-36],[57,-33],[-4,-89],[-63,-18],[37,-68],[130,93],[41,-72],[55,-27],[88,-3],[57,-34],[0,-50],[70,-71],[-62,-68],[-57,10],[-33,-70],[48,-4],[79,36],[37,51],[51,-6],[167,75],[57,-28],[-81,-113],[54,5],[-8,-70],[-88,-14],[-39,-45],[99,-103],[82,117],[48,86],[67,-48],[-38,-61],[-47,-123],[-49,-83],[-7,-70],[-50,-14],[17,-118],[42,-50],[-64,-34],[26,-65],[-41,-28],[-24,-94],[72,-53],[-19,-73],[-64,21],[13,46],[-124,-30],[-117,91],[-12,-56],[88,-36],[46,-44],[-4,-52],[-78,-38],[-171,-10],[-142,91],[-28,-68],[-179,9],[-74,16],[11,-73],[169,55],[53,-54],[98,17],[50,-37],[63,17],[133,-47],[117,-20],[20,22],[-28,61],[81,58],[24,-52],[-21,-49],[13,-130],[-69,-38],[4,-58],[-60,-29],[12,-75],[-17,-56],[39,-33],[-37,-53],[-36,-116],[-54,6],[-38,76],[-121,35],[-17,61],[-136,32],[-46,-41],[-41,-101],[4,-49],[-44,-39],[-53,-10],[-22,40],[-63,-18],[-68,40],[-99,-13],[-48,51],[-44,-53],[169,-11],[60,-40],[57,-2],[47,-35],[53,-93],[66,-6],[38,47],[91,6],[72,23],[9,45],[133,25],[15,-56],[-28,-73],[-51,-31],[-69,0],[-59,30],[-92,-27],[-46,-62],[7,-70],[-73,-9],[-119,44],[-34,-37],[6,-47],[76,31],[42,-23],[101,4],[70,-27],[-90,-100],[-46,-27],[-88,-101],[-184,-116],[-45,-10],[-116,-74],[-183,-149],[-50,-30],[-232,-299],[-73,-101],[9,-38],[-34,-100],[6,-44],[40,-29],[-104,-104],[-22,-85],[23,-38],[-32,-87],[0,-92],[65,-46],[14,-66],[-38,-8],[-105,-84],[-50,-105],[-38,13],[33,114],[-13,66],[-65,33],[-114,-26],[28,-44],[-98,-6],[-8,-137],[-75,-52],[-5,-39],[165,-7],[21,60],[117,21],[32,-30],[-7,-119],[29,-72],[66,-38],[-26,-35],[-85,5],[-40,-38],[26,-64],[-28,-56],[-3,-75],[26,-58],[-3,-67],[-46,-64],[7,-42],[-28,-57],[-45,-34],[3,-44],[-34,-105],[-94,-21],[-72,-37],[-67,-62],[-64,-85],[-57,-161],[-6,-77],[14,-77],[65,-83],[14,-72],[54,-28],[-21,-71],[14,-100],[24,-58],[59,-74],[104,-48],[37,43],[60,3],[30,-36],[-44,-47],[-23,-84],[38,-34],[-44,-103],[-27,-3],[-91,-78],[-29,43],[-121,81],[52,147],[-63,38],[19,81],[-67,47],[-87,1],[-73,-27],[-1,-39],[-69,-1],[-99,-42],[-65,-75],[22,-34],[-15,-81],[66,-45],[28,-169],[31,-50]],[[235540,36555],[-109,25],[-77,93],[30,39],[-60,41],[24,44],[-119,48],[8,53],[-66,15],[-43,35],[-86,25],[-1397,-785],[-74,-136],[14,-83],[40,-29],[14,-74],[-59,-45],[2,-59],[-46,-10],[14,-75],[-63,-66],[5,-56],[-41,-70],[34,-64],[-53,-40],[33,-215],[36,-56],[-23,-39],[71,-89],[-89,-68],[42,-39],[23,-65],[-56,-49],[12,-67],[76,-16],[36,-33],[-9,-67],[-36,-65],[35,-50],[142,-72],[31,-62],[55,-43],[62,-10],[15,82],[61,81],[40,-18],[34,-138],[41,-28],[-37,-56],[12,-102],[-50,-66],[45,-34],[50,-141],[227,-175],[78,-2],[165,-32],[165,-89],[37,56],[20,117],[111,136],[41,11],[-9,93],[32,40],[-16,64],[14,43],[-43,104],[59,181],[-20,37],[45,78],[-65,85],[12,126],[-45,33],[-14,108],[-23,29],[-5,92],[29,24],[252,-34],[-40,135],[3,35],[79,162],[7,78],[-59,107],[-15,62],[73,42],[-50,43],[27,80],[50,35],[117,119],[94,136],[61,26],[59,-3],[82,52],[158,-32],[71,20],[161,-29],[51,-45],[79,17],[6,26],[109,41],[29,28],[-10,90],[-50,-14],[-149,31],[-12,33],[-147,66],[-75,17],[-121,6],[7,50],[-71,8],[-32,40],[-71,32],[55,49],[-67,31]],[[198395,24393],[13,773],[12,469],[6,606],[5,701],[-4,652],[-9,349],[4,696],[-6,667],[-9,759],[2,297],[-7,1249],[-8,851],[-8,771],[-4,1062],[9,912],[5,630],[-1,650],[-1,985],[-1,720],[-3,870],[-2,854],[-8,1012],[5,953],[21,-65],[54,-16],[0,-70],[24,-50],[78,24]],[[238885,26757],[-62,-42],[-97,-21],[-112,-54],[-41,-45],[-175,10],[-101,-22],[-103,5],[-183,-44],[-91,-50],[18,-31],[-117,-47],[-86,-108],[-62,-145],[-79,-61],[-64,-120],[-104,-19],[-157,-45],[-47,-27],[-52,-83],[-78,14],[-136,-26],[-117,-47],[-109,-59],[-8,-63],[-51,-29],[-44,20],[-155,-6],[-37,-23],[-95,17],[-108,-20],[-87,13],[-154,-14],[-195,-47],[-60,-62],[-30,47],[-77,47],[-171,18],[-84,-8],[-317,9],[-352,-11],[-540,-7],[-162,-23],[-215,10],[-149,-8],[-268,-46],[-50,-40],[-53,-10],[-97,29],[-140,1],[-213,-27],[-67,19],[-130,7],[-141,-6],[-138,8],[-269,0],[-423,-10],[-344,-31],[-134,-18],[-362,-70],[-265,-72],[-209,-68],[-98,-13],[-223,-58],[-103,-37],[-132,-23],[-447,-149],[-279,-111],[-167,-77],[-203,-106],[-348,-205],[-387,-249],[-339,-238],[-233,-182],[-164,-121],[-628,-477],[-297,-216],[-210,-167],[-265,-192],[-215,-173],[-196,-167],[-197,-179],[-217,-165],[16,61],[-29,67],[-148,-8],[-22,-41],[-123,18],[-109,-54],[-25,-94],[-78,-9],[-77,-28],[-8,-26],[-94,10],[-111,-27],[-49,-46],[-100,47],[-11,39],[-69,52],[-18,-89],[-49,-26],[-227,-27],[-31,-21],[-78,11],[-54,-107],[-55,26],[-204,43],[-1,-38],[-121,-22],[-101,29],[-116,-48],[-51,-70],[-100,11],[-25,87],[9,60],[-91,22],[-43,32],[-92,-62],[-174,-33],[-110,31],[-69,-32],[-42,32],[-54,-8],[-20,-68],[-130,-53],[-53,-109],[33,-8],[45,-81],[89,-59],[22,-98],[55,-44],[116,25],[-6,-95],[30,-141],[69,-25],[31,-53],[-26,-38],[20,-73],[48,-10],[95,14],[55,98],[147,88],[46,-2],[82,36],[89,13],[19,67],[-3,97],[67,64],[13,73],[136,-12],[46,-75],[-36,-136],[18,-53],[-30,-130],[83,-84],[3,-56],[-113,-106],[-80,-127],[-35,-80],[43,-81],[-5,-85],[106,-22],[-37,-60],[78,-30],[26,-72],[-22,-25],[-103,53],[-52,-42],[-60,-8],[-24,-77],[54,-42],[-74,-139],[-143,-35],[-95,0],[-70,37],[-125,135],[-14,69],[66,-4],[28,81],[-72,81],[-105,75],[-131,118],[-26,102],[-71,93],[-83,137],[-63,68],[-160,143],[-274,163],[-170,65],[-100,20],[-137,-8],[-107,-54],[-50,-87],[-3,-49],[42,-82],[-123,-78],[-149,-1],[-121,-49],[-33,64],[15,85],[-67,124],[-26,86],[-32,40],[-70,148],[-173,217],[-179,176],[-139,99],[-142,71],[-76,11],[-119,-29],[-38,-46],[-100,-60],[-131,18],[-92,-25],[-127,87],[-63,18],[-99,155],[-222,233],[-87,54],[-106,12],[-120,51],[-232,1],[-36,67],[114,5],[130,26],[72,88],[-8,54],[-56,42],[42,59],[16,121],[-43,69],[76,20],[184,3],[36,-33],[133,5],[72,68],[63,112],[16,74],[-45,73],[-120,5],[-1,79],[30,82],[-109,106],[-43,163],[-128,35],[-32,32],[-132,17],[-51,-49],[-124,30],[-88,-4],[-93,32],[-13,-65],[-138,-77],[-138,3],[-38,96],[-79,-1],[5,-54],[-80,-116],[-45,-30],[-27,-56],[22,-39],[-13,-55],[-76,11],[-53,-103],[107,-96],[-23,-36],[21,-151],[66,-55],[-130,6],[-75,25],[-256,38],[-85,-46],[-65,-5],[-129,-97],[-79,-22],[-80,-114],[-30,-99],[-66,0],[-159,-46],[-110,10],[-120,-40],[-60,35],[-116,-18],[6,69],[-67,76],[-138,117],[-189,136],[-56,49],[-141,92],[-76,63],[-196,97],[-128,79],[63,30],[121,-54],[144,-30],[46,-75],[64,-28],[49,-46],[169,-36],[112,-11],[101,14],[289,78],[230,94],[52,37],[35,60],[-51,35],[49,58],[142,126],[0,102],[39,64],[48,6],[77,53],[73,116],[42,42],[111,52],[41,80],[13,94],[-9,123],[-43,132],[-99,159],[-77,70],[-100,51],[-58,-41],[-35,12],[-90,99],[3,29],[-82,85],[21,26],[-55,50],[-7,158],[-32,27],[-6,57],[-52,60],[-127,57],[-77,12],[-82,-11],[-17,-33],[34,-50],[-51,-26],[-68,2],[-40,37],[-82,-23],[-45,-32],[-68,2],[-75,-40],[-4,-47],[-43,-59],[5,-77],[-94,-22],[-78,-40],[-76,-8],[-93,-52],[-108,-93],[-49,-2],[-172,-122],[-121,8],[-138,-19],[-111,-77],[-26,-45],[-127,-43],[-81,-11],[0,-78],[-38,-112],[-89,49],[-129,5],[-49,-41],[-158,11],[-66,45],[-66,-44],[-8,-57],[-71,-35],[-23,-39],[-20,-103],[56,-34],[74,12],[79,-51],[64,2],[8,63],[63,3],[89,-69],[127,-37],[77,14],[130,4],[170,37],[87,67],[215,123],[81,-23],[86,0],[107,-33],[61,-42],[60,-69],[-16,-73],[15,-43],[-40,-106],[-79,15],[-121,-67],[-18,-31],[-114,-108],[-51,-62],[85,-64],[-116,-23],[-19,-64],[-168,54],[-124,29],[-167,-3],[-59,-42],[4,-31],[-289,39],[-258,-90],[-36,-38],[-184,-62],[-53,-85],[-63,-12],[-80,-83],[-153,-89],[0,-35],[-121,-11],[-111,-33],[-82,-47],[-10,-50],[-130,-3],[-85,-24],[-64,-97],[-56,-47],[-169,0],[-138,-28],[-33,-51],[-50,-22],[-173,-170],[-10,-45],[42,-22],[-61,-79],[-58,-40],[-52,-4],[-131,-88],[-14,-72],[-39,-53],[-73,-38],[-36,-55],[-83,-58],[4,-44],[-107,-32],[-23,-59],[-117,-1],[-564,-181],[-63,-57],[-13,-77],[-31,-70],[-75,-38],[-130,-16],[-120,-99],[-21,-49],[-130,-107],[-54,6],[-145,-18],[-84,59],[1,27],[-123,118],[-172,118],[-75,-1],[-169,99],[-72,23],[-151,-2],[-89,21],[-36,-24],[-126,-32],[-44,-32],[-168,44],[-168,124],[-43,46],[-227,188],[-230,126],[-150,46],[-75,45],[-155,19],[-81,-13],[-96,22],[-17,-20],[-188,59],[-184,21],[-38,58],[-203,89],[-49,-7],[-84,44],[-258,181],[-89,44],[-74,65],[-62,21],[-117,83],[-132,79],[-54,19],[-179,112],[-162,69],[-82,11],[-75,41],[-84,-33],[-64,19],[-54,44],[-192,104],[-145,57],[-81,-3],[-167,-42],[-35,15],[-215,-35],[-47,-24],[-81,-95],[-154,-12],[-119,22],[-108,1],[-334,145],[-267,168],[-109,56],[-257,104],[-216,57],[-205,23],[-159,9],[-154,22],[-124,2],[-171,-27],[-181,-69],[-119,-75],[-131,-60],[-40,-60],[92,-92],[7,-51],[129,-164],[-158,-7],[-162,27],[-93,-76],[-2,-72],[-28,-37],[-55,1],[-63,40],[15,69],[-42,66],[-89,49],[-172,71],[-165,0],[-79,-32],[30,-106],[-31,-9],[-92,41],[-53,0],[-46,42],[19,70],[99,60],[34,37],[-46,112],[-135,160],[-111,96],[-270,212],[-202,138],[-195,111],[-252,123],[-407,175],[-211,67],[-112,16]],[[217766,22970],[-14,129],[58,188],[18,129],[62,5],[118,-42],[77,-77],[121,-16],[164,41],[57,-15],[135,3],[88,-109],[75,-28],[57,-60],[-120,-57],[-69,2],[-153,-25],[-70,4],[-82,-51],[-1,-59],[-70,-57],[-58,18],[-68,-62],[-28,24],[-109,26],[-33,28],[-107,27],[-48,34]],[[217246,22608],[27,25],[214,74],[99,7],[182,-17],[71,-30],[76,-6],[-85,-88],[73,-61],[-41,-55],[79,-11],[78,21],[28,-20],[84,4],[27,-29],[-88,-39],[-25,-80],[-137,105],[-94,35],[-208,16],[-86,-92],[-135,58],[-215,38],[76,145]],[[223569,21448],[57,31],[87,-52],[30,-41],[-115,-52],[-73,-59],[-87,-36],[-72,30],[-159,42],[-131,147],[28,48],[87,-3],[70,19],[43,-25],[92,7],[-11,-40],[-90,-32],[25,-40],[102,-2],[117,58]],[[224846,21911],[-151,-54],[-111,9],[-11,47],[48,12],[5,46],[93,30],[89,-17],[30,21],[136,-18],[-9,-40],[-119,-36]],[[223835,21528],[-108,-14],[-75,43],[8,28],[80,48],[137,-32],[19,30],[141,-13],[11,-48],[-213,-42]],[[223097,21571],[-65,-64],[-43,14],[33,56],[75,-6]],[[224805,21787],[94,106],[27,-27],[-121,-79]],[[252187,77229],[-6,-71],[98,11],[56,-19],[31,-40],[-23,-99],[-30,-29],[-66,-2],[-10,-45],[139,1],[53,24],[49,-44],[69,-33],[43,-105],[-52,-72],[79,-56],[-26,-78],[-62,-3],[-25,-87],[91,-93],[-64,-28],[-44,-44],[24,-98],[82,21],[47,42],[-16,65],[55,87],[-68,21],[-16,69],[140,32],[5,99],[-55,70],[3,63],[34,82],[80,56],[17,-174],[23,-97],[35,-83],[83,-110],[60,-55],[73,-42],[118,-21],[96,46],[-163,-316],[-63,-143],[-99,-247],[-75,-216],[-89,-304],[-41,-173],[-28,-206],[1,-74],[32,-136],[38,-65],[72,-40],[68,41],[38,-14],[-9,-74],[-69,-314],[-22,-144],[-8,-119],[45,-63],[-22,-144],[3,-108],[16,-43],[-5,-104],[36,-134],[57,-43],[72,5],[-14,-215],[11,-189],[65,-122],[-70,-30],[-58,-3],[-16,-100],[-40,-60],[9,-88],[-16,-82],[-76,-37],[-45,-1],[-88,-86],[-17,-77],[-70,-54],[103,-123],[30,-150],[50,-54],[85,-54],[45,-77],[-1,-50],[59,8],[83,-56],[-64,-48],[-95,-2],[-129,-66],[-73,-49],[-69,-130],[-58,-78],[-27,-70],[36,-76],[58,8],[172,-45],[117,60],[19,-90],[-5,-83],[-45,-129],[-68,23],[-59,-30],[-70,-87],[4,-76],[22,-55],[58,-33],[0,-50],[113,-62],[138,-57],[80,-11],[1,-123],[145,202],[60,-32],[-103,-141],[-41,-135],[24,-100],[50,-46],[47,-98],[31,-25],[83,-14],[87,10],[82,-9],[19,-73],[-16,-60],[128,-1],[-51,-113],[57,-88],[79,-17],[-14,-39],[35,-44],[-47,-48],[10,-71],[31,-25],[7,-107],[-20,-26],[13,-63],[38,-40],[-16,-40],[29,-73],[114,17],[38,-71],[156,20],[48,-55],[17,-62],[42,-32],[95,-11],[-3,-79],[-48,-72],[-183,-21],[33,-41],[-82,-25],[-10,-70],[67,-52],[32,-46],[39,-102],[-37,-50],[66,-161],[-10,-80],[19,-105],[63,-37],[23,-47],[10,-122],[28,-160],[56,-186],[44,-48],[80,-131],[48,-25],[56,-75],[107,-77],[123,9]],[[198545,63259],[0,1326],[0,1106],[1,696],[0,1136],[0,561],[0,938],[0,602],[0,770],[0,1000],[0,811],[0,654],[0,1033],[0,1061],[0,1191],[-1084,0],[-1446,-1],[-1447,0],[-1443,0],[-1806,0],[-1040,0],[-766,-1],[-1316,0],[-1391,0],[-1093,0],[-651,0]],[[185063,76142],[-1,499],[0,1434],[0,560],[0,1185],[0,1309],[0,1932],[0,873],[-1,1326],[0,909],[-1,598],[0,1531],[-1,710],[-1,1098],[0,1246],[-1,700],[0,922],[-1,997],[-1,685],[0,812],[-1,1283],[-1,1019],[0,707],[-1,1046],[0,944],[-1,446],[0,1170],[-1,1184],[-1,936],[0,705],[1,1001],[-1,1102],[-1,806],[-1,1876],[0,773],[-1,909],[0,751],[-1,811],[-1,1248],[0,936],[-1,936],[0,674]],[[185043,116731],[111,-72],[48,-58],[54,-22],[82,-104],[89,-63],[165,-152],[166,-86],[29,-35],[157,-86],[179,-60],[141,-30],[101,-69],[117,-42],[39,-32],[44,52],[172,-20],[140,-70],[113,-77],[35,21],[67,-3],[119,-43],[77,16],[206,-11],[140,22],[161,10],[88,28],[130,-39],[1,-22],[81,-61],[72,-31],[157,-50],[124,-47],[38,-28],[113,-46],[166,-40],[63,-48],[94,-34],[184,-51],[77,34],[131,-56],[45,12],[108,-5],[95,-21],[173,-87],[-19,-56],[39,-106],[152,-117],[14,-60],[59,-51],[44,-11],[246,-104],[-54,-96],[-21,-88],[7,-100],[23,-54],[28,-165],[4,-71],[75,-196],[55,-84],[34,-84],[74,-142],[66,-97],[112,-98],[176,-103],[102,-49],[144,-51],[234,10],[107,-10],[132,-68],[136,-45],[90,-59],[69,-68],[89,-36],[91,-92],[-20,-29],[199,-71],[50,-93],[54,-49],[158,-88],[123,-24],[180,-22],[87,-59],[78,-20],[-9,-41],[138,7],[59,-21],[56,5],[58,32],[114,-109],[136,-59],[207,-60],[80,-59],[-3,-96],[52,-79],[138,-114],[60,-29],[102,-28],[126,-16],[208,-3],[141,16],[62,20],[309,50],[55,-16],[105,29],[84,6],[212,39],[114,6],[198,34],[159,67],[154,96],[65,-31],[167,48],[76,30],[223,125],[99,20],[191,95],[113,83],[69,81],[141,80],[33,34],[74,-21],[42,12],[38,58],[114,90],[76,16],[184,66],[84,104],[152,210],[61,154],[27,122],[4,86],[31,52],[8,153],[18,92],[42,75],[11,60],[40,51],[54,128],[34,157],[17,133],[-24,166],[-21,50],[50,183],[70,121],[169,125],[127,147],[114,155],[62,146],[7,127],[61,13],[92,53],[119,97],[196,206],[90,123],[75,154],[24,159],[29,66],[0,68],[50,58],[49,83],[71,-12],[14,65],[102,200],[38,155],[-15,69],[-65,78],[-5,75],[47,47],[21,62],[72,130],[47,153],[71,200],[19,94],[-5,79],[33,69],[152,227],[57,74],[96,166],[44,117],[-5,68],[-91,155],[-48,179],[-31,141],[-87,147],[87,17],[75,179],[29,144],[36,479],[49,245],[0,49],[28,58],[34,150],[92,329],[48,117],[92,151],[66,175],[82,196],[38,125],[-10,25],[29,75],[81,104],[26,63],[32,143],[16,157],[-12,57],[75,84],[146,121],[39,50],[17,80],[-44,96],[69,163],[66,66],[25,87],[11,111],[-29,98],[-122,149],[-143,282],[-53,122],[-24,182],[-58,213],[-23,108],[-5,143],[-20,123],[-35,154],[6,145],[-6,69],[-38,123],[-26,129],[-62,200],[27,162],[85,299],[60,164],[87,172],[68,185],[19,106],[-15,162],[-23,84],[-3,86],[27,116],[-2,54],[-43,124],[-76,130],[-59,67],[-214,203],[-74,87],[-95,143],[-23,88],[-10,115],[2,126],[55,256],[46,143],[43,251],[18,236],[36,177],[54,190],[123,280],[176,183],[67,121],[54,162],[60,132],[234,278],[50,102],[12,62],[-24,120],[-48,82],[-100,57],[-33,65],[-11,63],[-32,45],[-51,19],[-6,86],[-22,33],[-7,88],[-35,83],[24,87],[-2,110],[-23,70],[-81,61],[-56,81],[35,67],[47,124],[21,8],[101,147],[95,-10],[42,26],[49,76],[71,48],[109,19],[46,62],[69,31],[102,140],[166,410],[31,105],[16,114],[65,27],[84,-68],[65,6],[44,-31],[50,86],[-83,52],[-71,-23],[-57,78],[22,28],[129,24],[24,38],[103,58],[21,88],[-66,41],[-27,-26],[-106,-25],[-67,13],[-55,-37],[-40,66],[-38,21],[-115,30],[-50,36],[3,58],[-63,69],[-45,-4],[-51,38],[-109,40],[-33,-3],[-28,-61],[10,-48],[-50,-69],[-117,-1],[-81,-55],[-84,-35],[-147,78],[11,46],[58,119],[47,132],[142,275],[110,263],[66,176],[60,194],[8,79],[59,134],[71,44],[97,187],[97,219],[91,189],[48,117],[65,112],[66,69],[68,133],[133,129],[118,4],[-74,-89],[-15,-47],[56,-118],[68,-85],[19,-54],[-10,-126],[38,-193],[28,18],[-11,69],[18,121],[115,122],[54,-7],[109,-67],[81,88],[-24,26],[-24,82],[-68,83],[-66,62],[-44,18],[-56,-22],[-35,32],[2,121],[14,61],[21,199],[22,135],[32,140],[70,188],[110,102],[4,95],[42,140],[17,109],[36,21],[11,104],[75,225],[37,157],[71,129],[96,258],[54,6],[-15,78],[88,306],[40,266],[5,187],[-6,89],[-28,90],[42,21],[48,82],[26,119],[11,157],[44,71],[-45,98],[25,21],[-36,129],[-1,106],[-40,110],[-17,89],[-27,49],[17,85],[25,53],[95,72],[167,75],[55,-2],[48,-31],[76,13],[68,42],[146,-34],[54,16],[75,53],[40,-18],[72,65],[94,51],[43,91],[4,43],[57,36],[67,74],[21,84],[27,20],[35,78],[8,74],[57,102],[-15,49],[67,81],[42,-42],[99,-9],[129,19],[49,49],[84,41],[72,-73],[35,-4],[30,-64],[134,-23],[19,-33],[61,-30],[-40,-46],[-81,-131],[-69,-51],[-14,-53],[-51,-80],[-40,-36],[-98,-34],[-24,-52],[-1,-102],[23,-37],[-9,-72],[-44,-22],[-13,-69],[-27,-28],[10,-81],[-79,-67],[33,-19],[42,34],[77,138],[25,13],[99,107],[13,69],[129,96],[27,-47],[37,53],[123,-104],[10,-102],[-43,-76],[62,-41],[67,27],[134,-32],[58,-116],[72,-18],[66,29],[68,-20],[15,-44],[71,-41],[27,-60],[-13,-84],[31,-67],[47,-16],[3,-46],[86,-73],[18,-177],[-9,-56],[48,-107],[-13,-146],[-57,-151],[52,-153],[-7,-78],[42,-65],[83,-7],[36,-91],[51,-22],[104,-168],[-7,-52],[29,-58],[-161,-217],[-18,-87],[-8,-102],[58,-59],[-13,-87],[-5,-204],[76,-118],[-1,-139],[32,-67],[9,-165],[-10,-201],[15,-111],[-9,-85],[-34,-101],[-1,-147],[16,-89],[68,-39],[21,-57],[46,-25],[62,8],[41,-78],[55,-36],[33,24],[77,-33],[109,-131],[62,3],[60,-25],[89,-2],[103,14],[111,42],[21,24],[164,89],[16,-38],[53,4],[88,-57],[30,-4],[3,-96],[46,-38],[32,-76],[32,-29],[203,68],[30,22],[35,-47],[58,-36],[-48,-47],[-61,2],[-49,37],[-110,-67],[-33,-88],[-53,-80],[-29,-70],[-36,-44],[-80,-146],[-100,-134],[-48,-102],[-37,-52],[-67,-30],[69,-49],[-27,-94],[27,-20],[15,-71],[-23,-27],[-26,-97],[35,-21],[-56,-154],[-19,-104],[1,-77],[26,-70],[40,19],[340,-17],[115,-15],[93,-50],[73,-85],[81,9],[7,-44],[76,-20],[24,-43],[-7,-138],[32,-67],[-23,-59],[22,-68],[-11,-114],[106,-94],[14,-63],[64,-49],[55,-2],[39,-38],[77,9],[100,-65],[78,-71],[60,-10],[28,18],[61,-84],[47,-38],[-140,-149],[-22,-39],[12,-61],[68,-6],[-87,-70],[-43,-73],[-29,-84],[-10,-75],[-47,-51],[-62,-171],[11,-138],[-24,-68],[0,-82],[-18,-78],[75,-11],[39,-33],[38,50],[63,-3],[40,93],[94,24],[27,29],[68,21],[49,-45],[62,-21],[103,16],[59,30],[32,40],[119,-4],[-60,-86],[6,-24],[-86,-133],[-16,-66],[-34,-50],[-14,-100],[65,-37],[-37,-103],[31,-36],[16,-66],[-36,-135],[27,-28],[1,-61],[-28,-63],[-20,-208],[13,-101],[68,-100],[-16,-204],[1,-169],[26,-75],[-4,-67],[15,-120],[58,-133],[95,-74],[95,-28],[20,-44],[12,-89],[39,-36],[3,-124],[-50,-132],[-30,-154],[35,-95],[-2,-56],[-61,-83],[-52,-92],[-44,-140],[-20,-109],[-2,-162],[-19,-180],[-50,-126],[36,-84],[9,-69],[29,-68],[56,-76],[51,-30],[42,-92],[48,-41],[37,-104],[5,-108],[32,-54],[58,-167],[70,-95],[121,-88],[67,-38],[19,-119],[44,-118],[18,-192],[26,-66],[-2,-142],[-14,-107],[34,-139],[86,-158],[88,-336],[90,-184],[85,-131],[99,-113],[93,-75],[155,-107],[93,-34],[97,-14],[119,8],[49,-46],[39,-5],[54,41],[103,-12],[155,34],[51,-11],[27,35],[111,41],[155,89],[78,75],[68,97],[64,2],[42,64],[77,36],[9,39],[109,144],[26,112],[-15,86],[15,71],[-22,63],[67,1],[27,30],[73,-63],[53,20],[41,-37],[69,-99],[75,-32],[32,23],[96,-45],[83,6],[63,21],[59,49],[82,8],[95,75],[137,35],[71,54],[88,99],[90,156],[48,115],[126,-24],[55,-78],[12,-55],[64,-62],[27,-60],[70,-28],[33,-51],[63,-54],[-70,-205],[30,-94],[-8,-95],[17,-47],[50,-8],[39,27],[83,-9],[90,37],[7,-77],[-38,-44],[-73,-170],[-21,-92],[13,-51],[-15,-79],[28,-63],[138,-75],[71,-93],[57,-117],[138,-18],[215,18],[54,28],[16,-160],[14,-40],[66,-27],[54,2],[36,-40],[62,3],[39,-30],[202,20],[82,-3],[38,-18],[15,-62],[39,-38],[-3,-68],[25,-57],[73,3],[38,-84],[-17,-53],[23,-165],[74,-50],[150,-16],[-7,-61],[27,-44],[60,-26],[6,-49],[159,-26],[55,9],[46,-30],[46,8],[69,-70],[131,-63],[34,9],[90,-18],[67,-29],[48,20],[68,-3],[119,17],[-51,-145],[19,-67],[92,-77],[12,-45],[84,-61],[74,-119],[75,-38],[54,11],[22,34],[62,-15],[54,48],[52,-32],[-21,-136],[-150,-136],[-112,-117],[-71,-103],[-55,-108],[-54,-77],[-64,-140],[25,-39],[-22,-67],[19,-52],[-4,-69],[37,-60],[68,-171],[39,-37],[183,-10],[79,53],[18,85],[45,-1],[3,-80],[47,-70],[2,-59],[-58,13],[-126,-66],[-105,-90],[-31,-56],[16,-46],[49,-39],[-55,-82],[11,-55],[-120,-99],[-59,-74],[-38,-94],[6,-86],[68,7],[67,-70],[26,-96],[0,-52],[-33,-123],[51,-45],[23,-51],[77,30],[65,-61],[12,-101],[41,-21],[-14,-42],[-53,-40],[20,-82],[-31,-42],[24,-48],[70,-40],[2,-54],[125,-191],[33,-182],[-18,-62],[-38,-60],[-17,-60],[26,-112],[66,-11],[19,-27],[-50,-102],[-44,-125],[7,-82],[57,-56],[48,3],[61,-71],[43,0],[106,-140],[29,-108],[72,-46],[24,-93],[36,-24],[0,-117],[50,-74],[-33,-30],[-3,-58],[-36,-47],[4,-61],[-64,-128],[-15,-86],[13,-106],[47,-3],[62,-40],[5,-107],[49,-21],[-19,-148],[-77,-65],[-48,-2],[-42,-83],[-97,-121],[-7,-88],[-21,-74],[35,-51],[-45,-117],[-11,-70],[9,-104],[18,-44],[74,-41],[60,12],[34,-26],[68,6],[19,-158],[90,-134],[36,-24],[51,-79],[60,-134],[95,-82],[101,-112],[21,-77],[49,-101],[186,-59],[132,-127],[86,-35],[8,-91],[52,-77],[45,11],[36,-65],[52,-45],[31,2],[101,-188],[73,-74],[63,-34],[10,-48],[-53,-30],[0,-83],[73,-66],[50,48],[86,19],[51,35],[15,42],[61,46],[61,-7],[44,-48],[-2,-55],[84,-15],[122,80],[48,68],[40,30],[120,-110],[5,-60],[-52,-4],[-67,-94],[28,-56],[-133,-139],[-42,-98],[16,-35],[-42,-109],[-8,-76],[13,-70],[108,-98],[22,-75],[36,-55],[85,-51],[18,-111],[57,-65],[-15,-35],[14,-105],[26,-33],[14,-152],[52,-25],[49,-92],[21,-100],[38,-113],[53,-102],[68,-56],[50,-88],[36,-28],[54,-2],[29,-42],[-39,-212],[12,-90],[47,-47],[-2,-87],[-37,-55],[2,-47],[86,-113],[10,-47],[111,-81],[55,-60],[-8,-38],[44,-25],[20,-122],[39,-55],[-79,-67],[-81,-124],[-40,-150],[1,-74],[35,-110],[-76,-73],[-17,-69],[63,-59],[-26,-56],[29,-92],[36,-22],[-64,-133],[-14,-66],[1,-115],[-27,-80],[6,-110],[-101,-98],[-63,-129],[-57,-52],[-25,-49],[-35,-139],[-100,-159],[-7,-87],[13,-85],[-8,-52],[19,-140],[28,-129],[-8,-41],[45,-75],[104,-85],[68,-86],[77,-53],[2,-32],[93,-113],[152,-84],[39,-35],[62,-89],[36,-145],[29,-18],[-13,-56],[99,14],[35,-33],[-54,-33],[4,-59],[116,6],[66,-73],[144,-21],[62,-36],[86,-23],[84,-59],[67,5],[74,-144],[-23,-38],[12,-63],[-22,-148],[-82,-144],[8,-72],[-86,-182],[-75,-244],[-44,-268],[3,-129],[11,-62],[54,-104],[98,-99],[22,-6],[59,-91],[27,-75],[80,-16],[40,-30],[45,-100],[31,-32],[73,-3],[40,-39],[146,-204],[85,-86],[58,2],[97,-84],[105,-18],[119,-77],[51,-71],[50,-43],[154,-23],[140,-95],[104,-24],[57,-39],[109,-36],[64,1],[98,50],[54,6],[131,-17],[36,-19],[26,-150],[46,-69],[67,5],[48,-49],[82,-3],[57,-21],[-51,-57],[56,-20],[110,-102],[43,-26],[68,-10],[116,17],[90,26],[67,-23],[12,32],[76,42],[126,183],[10,63],[64,45],[-17,105],[102,-72],[23,-133],[62,-65],[2,-80],[-61,-7],[-27,-85],[33,-19],[34,-87],[54,-103],[49,-56],[159,-135],[-16,-41],[72,-109],[39,15],[-1,51],[225,-20],[118,-50],[106,21],[55,-60],[88,36],[70,13],[99,58],[109,-28],[144,-23],[127,8],[98,-36],[140,23],[49,64],[12,45],[-35,74],[-3,50],[-125,131],[6,63],[90,-98],[102,-183],[51,-200],[76,-162],[41,-43],[78,-45],[6,-33],[85,-118],[38,-2],[84,-154],[92,-367],[58,16],[27,-24],[62,-134],[-74,-38],[-27,-81],[-40,-67],[30,-29],[35,-110],[29,-41],[102,-91],[136,-84],[48,-89],[129,-30],[38,-25],[93,-2],[11,25],[148,-5],[36,44],[-39,178],[-77,62],[-3,55],[47,83],[17,65],[-28,66],[49,9],[66,-20],[124,11],[74,-7],[49,-62],[51,-14],[30,-76],[-18,-37],[8,-136],[24,-141],[29,-113],[32,-63],[72,-77],[55,-24],[71,-88],[44,-37],[68,-27],[59,10],[59,-28],[95,-14],[69,6],[74,49],[6,52],[37,32],[151,14],[78,34],[23,-19],[63,-164],[71,-71],[90,-18],[141,-53],[30,33],[78,21],[28,-24],[81,-7],[47,-30],[29,-62],[43,-44],[123,0],[-3,-93],[14,-35],[-97,-20],[-54,-36],[-29,-47],[40,-72],[67,-11],[41,-44],[100,-45],[-45,-36],[16,-55],[115,-48],[10,-34],[68,-75],[85,-20],[11,-53],[60,-21],[63,4],[89,-28],[47,13],[53,-21],[55,18],[24,-23],[85,94],[55,4],[35,76],[-53,65],[-57,-1],[-13,160],[51,62],[101,-22],[47,-64],[72,-48],[130,-13],[84,91],[77,-13],[-51,-79],[15,-100],[91,-102],[-54,-47],[49,-19],[72,-83],[-45,-26],[5,-63],[64,-22],[13,-40],[61,-41],[86,26],[-24,100],[44,87],[34,-13],[-2,-162],[69,-19],[31,-74],[60,10],[18,-45],[-26,-46],[1,-61],[-32,-39],[23,-35],[97,43],[52,46],[98,-34],[18,54],[76,5],[-4,92],[51,7],[43,-36],[11,-116],[94,-46],[-55,-54],[-69,-29],[112,-66],[95,-26],[50,-72],[64,-60],[-34,-90],[35,-101],[-13,-93],[6,-60],[35,-1],[54,-77],[56,-33],[46,-63],[79,34],[29,-64],[-69,9],[-29,-45],[58,-58],[31,1],[91,-76],[-18,-57],[-124,-37],[-34,75],[-128,-19],[-1,53],[-44,0],[-4,50],[-94,11],[9,120],[-39,49],[47,89],[-4,45],[-61,40],[-103,25],[-14,-59],[-58,-9],[43,-94],[-8,-45],[-87,-59],[-57,16],[-66,-35],[-65,38],[-32,51],[-67,32],[-41,-17],[30,-46],[74,-66],[7,-49],[-45,-110],[-50,-74],[-63,-59],[-51,-106],[-28,-32],[107,-69],[28,-52],[-20,-46],[54,-73],[84,-11],[-3,-89],[-52,-34],[83,-70],[36,-9],[-9,-117],[115,-30],[48,-46],[37,11],[24,-132],[32,-2],[64,-54],[41,18],[83,-23],[37,-54],[-56,-4],[-42,-55],[-71,-21],[170,-86],[47,-84],[-22,-106],[101,20],[88,43],[20,-87],[129,-63],[41,37],[59,-12],[62,42],[18,-62],[70,-42],[37,39],[102,-87],[54,0],[52,63],[90,-40],[-23,-36],[26,-37],[-29,-30],[-67,30],[-62,-58],[46,-27],[-21,-109],[9,-100],[37,25],[152,52],[111,-5],[70,-53],[50,-62],[85,32],[111,-28],[-8,-63],[58,-89],[74,12],[38,-96],[67,-88],[76,61],[14,-34],[-18,-130],[36,-26],[-45,-38],[-11,-65],[-57,3],[-44,-31],[68,-40],[-49,-34],[-43,-130],[14,-112],[41,-31],[35,-99],[-66,-114],[27,-70],[88,89],[147,79],[37,-110],[59,-35],[89,25],[-15,-53],[-4,-152],[25,-53],[-13,-31],[81,-59],[-25,-22],[42,-53],[-18,-80],[-51,-35],[-92,12],[55,-85],[94,20],[74,-4],[24,-64],[-102,2],[-78,-11],[-22,-53],[10,-131],[-93,-32],[54,-34],[20,-74],[38,-20],[88,79],[74,22],[8,38],[77,-55],[31,-62],[131,44],[-26,-56],[-24,-122],[67,-13],[27,-29],[62,-5],[111,-39],[41,-93],[90,180],[74,4],[15,-74],[-8,-83],[-48,-14],[-10,-66],[-89,-59],[-59,-121],[-1,-86],[24,-71],[47,-51],[-10,-46],[20,-76],[56,-1],[19,-129],[-68,43],[-90,-65],[-21,-36],[-12,-194],[30,-57],[109,-51],[-33,-34],[72,-41],[-33,-83],[-10,-72],[16,-89],[2,-135],[67,-121],[34,-131],[97,-85],[60,-100],[-32,-104],[2,-91],[30,-83],[69,-112],[19,-57],[46,-27],[24,-120],[37,-25],[-43,-38],[68,-202],[126,-133],[-15,-87],[123,-65],[125,-142],[26,-109],[51,-3],[52,43],[49,-8],[54,-94],[41,55],[80,38],[64,-34],[87,-80],[-78,-48],[-14,-179],[35,-39],[88,68],[57,172],[120,-7],[78,-94],[74,-30],[27,-31],[37,-114],[48,-92],[85,-116],[151,-68],[22,-54],[77,-21],[83,-56],[67,-92],[61,-110],[0,-65],[44,-15],[70,-127],[61,6],[2,63],[-47,67],[-11,58],[-31,29],[-39,156],[3,71],[-81,99],[-16,90],[-35,84],[-47,45],[-28,86],[-76,152],[-38,49],[-83,185],[63,5],[9,91],[-65,32],[35,47],[-29,43],[7,82],[64,93],[36,93],[18,97],[91,154],[103,45],[24,58],[58,31],[89,-17],[48,76],[57,-3],[61,-35],[8,-56],[81,-6],[-2,-49],[29,-81],[101,-216],[117,-87],[69,-28],[-7,-50],[33,-62],[1,-81],[88,-33],[68,-54],[-60,-67],[-6,-85],[98,-43],[101,-84],[195,-46],[63,11],[86,-34],[6,-49],[101,-39],[51,-62],[109,-51],[49,-42],[52,-2],[25,-38],[77,-39],[9,-65],[87,-11],[98,-101],[116,-16],[133,-98],[3,48],[191,-101],[98,-24],[29,-44],[85,11],[2,43],[-112,179],[7,78],[-73,83],[16,36],[-104,116],[40,29],[-19,48],[10,116],[-30,102],[26,42],[3,90],[48,34],[23,82],[47,31],[89,-56],[50,6],[97,-23],[33,6],[89,-66],[-36,-150],[90,-137],[-33,-88],[43,-22],[18,141],[25,25],[-86,138],[51,30],[17,55],[65,-64],[-7,-46],[24,-53],[17,-113],[25,-73],[45,-38],[123,-34],[73,5],[53,-96],[-83,-23],[-48,-62],[-12,-111],[-126,32],[4,37],[-61,24],[-132,19],[82,-77],[-45,-12],[42,-104],[62,-38],[17,-50],[75,9],[57,-21],[24,-102],[-34,-75],[25,-66],[56,-63],[31,47],[-15,83],[21,61],[62,54],[17,79],[-37,122],[104,-11],[12,-62],[35,-42],[-29,-74],[-30,-199],[27,-138],[106,-10],[-1,-98],[40,-36],[80,-20],[-37,-116],[-27,-157],[-19,-14],[-28,-187],[15,-18],[-56,-113],[-41,-218],[-4,-202],[29,-26],[-12,-59],[-62,-80],[-8,-166],[-14,-91],[-2,-131],[-16,-65],[-73,-161],[-6,-132],[53,-27],[55,-99],[79,12],[5,-164],[-20,-34],[43,-68],[36,-25],[47,37],[56,-143],[-23,-90],[-49,-57],[-29,-1],[-61,-77],[-35,-13],[-81,32],[9,-66],[56,-28],[46,12],[1,-143],[52,-164],[49,-98],[89,-114],[164,-162],[-47,-92],[-49,-21],[-203,24],[-61,-4],[78,-67],[168,-80],[150,-25],[2,-85],[27,-50],[211,125],[97,-16],[21,-22],[-11,-107],[9,-94],[42,-21],[17,60],[9,147],[237,-65],[16,-91],[62,-138],[55,-48],[75,-16],[76,-43],[29,-34],[60,-13],[56,-47],[55,-97],[-55,-28],[13,-37],[101,-57],[54,-103],[-67,-88],[101,-29],[54,-67],[-65,-23],[36,-85],[95,-42],[124,10],[42,30],[97,-70],[85,-14],[10,-53],[33,-33],[91,-16],[48,30],[38,-31],[31,-124],[35,-79],[51,-53],[45,-75],[48,-4],[56,-58],[115,-65],[100,-92],[25,-64],[-18,-52],[29,-45],[-45,-90],[79,-64],[3,149],[50,-29],[8,-66],[48,-47],[61,-21],[-13,83],[-162,125],[-18,92],[106,-19],[27,17],[153,-78],[192,-70],[-9,-37],[-59,13],[-96,-24],[59,-49],[31,-51],[-43,-21],[34,-89],[135,6],[28,62],[-29,16],[18,61],[67,80],[16,-40],[65,-12],[93,24],[46,-51],[59,-6],[11,-57],[113,-60],[75,-15],[-59,78],[8,75],[-35,60],[-107,78],[-3,31],[-109,21],[-33,-7],[2,90],[22,39],[74,12],[86,-8],[69,-39],[52,-9],[70,-70],[119,-58],[48,-45],[-66,-43],[-7,-79],[50,-46],[51,34],[-31,48],[88,76],[12,81],[95,-33],[-3,-168],[88,-270],[29,-18],[48,-80],[119,-90],[39,-47],[33,25],[61,-8],[43,-50],[56,43],[29,84],[48,-175],[28,-48],[50,-5],[65,-99],[42,-18],[41,-136],[16,-84],[63,-138],[71,-233],[110,-273],[158,-267],[103,-102],[52,-92],[94,-123],[57,-46],[112,-129],[82,-74],[143,-85],[61,-9],[130,-82],[95,-96],[139,-89],[82,-37],[243,-71],[109,42],[81,-67],[-26,-55],[106,7],[35,-74],[73,-52],[31,-51],[51,-14],[58,-63],[-8,-38],[75,-139],[22,-103],[19,-165],[-26,-41],[-2,-102],[24,-113],[95,-172],[125,-172],[90,-176],[114,-104],[211,-111],[-40,-78],[-40,-16],[-64,18],[-56,-8],[-47,20],[-87,-24],[48,-40],[116,-24],[89,17],[66,-66],[53,-85],[119,-117],[30,4],[87,-48],[152,-47],[185,-9],[165,26],[37,84],[63,-19],[-8,-55],[34,-64],[85,-31],[229,1],[49,-46],[-57,-89],[27,-127],[45,-90],[-35,-54],[29,-96],[-31,-83],[-56,-4],[-3,-60],[-124,-57],[-13,-57],[-52,-53],[-24,-57],[-56,-1],[-58,-33],[112,-19],[78,50],[55,85],[85,48],[101,11],[30,19],[37,73],[60,-3],[29,-47],[-35,-77],[-90,-36],[-36,-48],[-82,-63],[41,-132],[-31,-66],[-90,-41],[-40,-36],[23,-69],[-6,-165],[67,-16],[40,-124],[-19,-51],[47,-75],[-108,6],[-23,-38],[68,-27],[79,-69],[53,-22],[-46,-53],[32,-75],[75,-11]],[[205904,142091],[28,43],[108,-50],[-22,-52],[-57,-54],[-47,29],[53,41],[-63,43]],[[212316,145167],[-20,-42],[-56,-22],[-24,58],[68,27],[32,-21]],[[207084,145397],[20,47],[86,17],[95,-63],[-142,-38],[-59,37]],[[205959,145798],[-2,-32],[-103,-10],[12,72],[93,-30]],[[211022,146610],[41,-11],[-48,-85],[-58,-4],[-25,40],[16,40],[74,20]],[[205413,147269],[8,49],[65,-38],[-19,-40],[-54,29]],[[203606,143231],[38,29],[35,-89],[-23,-47],[-46,13],[-4,94]],[[204473,146660],[-19,-43],[-137,17],[-76,23],[-39,41],[48,26],[98,-10],[125,-54]],[[204429,142583],[48,-38],[4,-64],[-94,-18],[-68,60],[79,24],[31,36]],[[206796,144634],[-42,38],[13,28],[82,10],[44,-30],[49,-67],[-75,-41],[-71,62]],[[232155,101868],[-13,-53],[2,-139],[-36,-23],[-106,37],[12,33],[-41,62],[29,61],[-21,100],[30,46],[51,-7],[36,-75],[57,-42]],[[204014,142548],[34,-5],[30,-47],[-29,-23],[-26,-104],[-87,-28],[-84,39],[55,78],[47,-13],[23,75],[37,28]],[[204031,142338],[60,-20],[-45,-41],[-63,-14],[-17,44],[65,31]],[[203642,147924],[34,49],[150,38],[85,52],[128,33],[101,-127],[93,34],[130,-39],[-7,-49],[-38,-57],[-42,-21],[-76,10],[-36,-13],[-258,15],[-142,24],[-122,51]],[[203751,148034],[30,85],[68,-6],[5,-60],[-88,-32],[-15,13]],[[233976,101618],[-6,80],[70,-39],[-10,-44],[-54,3]],[[206141,147464],[80,-23],[50,32],[111,32],[245,-22],[14,-43],[-50,-42],[-48,5],[-112,-42],[-54,-83],[-157,-36],[-65,15],[-158,-17],[-142,31],[-127,60],[8,86],[80,30],[123,66],[63,-6],[55,-40],[84,-3]],[[206052,147478],[29,45],[48,18],[116,-19],[56,-28],[-81,-30],[-168,14]],[[223623,107174],[-54,13],[42,58],[5,102],[48,56],[-42,93],[62,6],[19,-39],[85,-27],[82,-100],[0,-55],[40,-43],[101,18],[79,39],[24,-17],[-41,-106],[-127,-43],[-40,3],[-36,44],[-84,2],[-131,25],[-32,-29]],[[224767,105395],[-51,41],[-89,42],[-57,103],[-52,32],[49,60],[113,-10],[115,14],[73,-17],[117,28],[-40,-97],[-2,-51],[-102,-60],[-42,-78],[-32,-7]],[[223199,107812],[26,28],[-46,119],[51,42],[23,-81],[29,-33],[-17,-56],[26,-29],[-9,-150],[-69,1],[51,86],[-65,73]],[[223338,107534],[-21,84],[38,5],[30,-50],[-21,-177],[-64,59],[38,79]],[[223502,107555],[-44,71],[22,33],[88,-82],[-66,-22]],[[223282,108114],[-16,-73],[-55,23],[-1,52],[42,33],[30,-35]],[[204125,142223],[48,65],[102,37],[80,-8],[66,22],[4,-36],[61,-60],[23,-85],[-76,-76],[-61,-31],[-127,-19],[-49,27],[-93,117],[22,47]],[[203841,142248],[-31,-58],[-69,3],[-30,32],[121,55],[9,-32]],[[203829,144920],[-42,84],[83,26],[51,-16],[-50,-72],[-42,-22]],[[222127,109189],[-74,101],[13,80],[-16,68],[-39,41],[15,74],[71,-56],[46,-56],[108,-12],[80,17],[18,-58],[-47,-96],[-44,-124],[-3,-72],[65,-35],[-1,-33],[52,-28],[21,-66],[58,5],[56,-36],[34,-94],[-65,-18],[-5,-44],[55,-10],[14,-40],[66,-26],[-38,-66],[-74,-70],[-9,-57],[15,-49],[-14,-53],[-96,-36],[-70,27],[-177,-7],[-128,52],[-42,112],[-52,57],[11,113],[18,29],[-26,93],[-46,69],[-66,53],[-112,177],[-143,60],[-88,65],[-92,94],[-42,62],[168,60],[86,-4],[97,-45],[76,-71],[76,-15],[62,-55],[126,-27],[54,-43],[48,-7]],[[191739,114242],[-40,28],[1,51],[-57,21],[-119,-28],[-42,-45],[-9,-49],[-44,-15],[-28,61],[-38,29],[-29,104],[81,-2],[80,66],[90,49],[23,73],[38,57],[101,20],[43,85],[-15,85],[57,-24],[55,-88],[116,-105],[48,-15],[-19,-44],[27,-100],[64,-60],[-18,-44],[-64,-31],[-87,-1],[-62,-21],[-25,-58],[-99,17],[-29,-16]],[[190177,115588],[40,-39],[-8,-55],[-51,7],[-86,-54],[-2,-51],[-65,13],[-33,62],[15,82],[116,37],[53,27],[21,-29]],[[192278,114157],[-27,38],[0,72],[75,37],[-7,45],[52,67],[2,66],[62,-54],[-116,-180],[5,-95],[-46,4]],[[190604,114646],[49,-23],[22,-68],[-66,-3],[-40,58],[-49,-6],[-35,115],[47,-14],[72,-59]],[[221792,108878],[30,-46],[-2,-132],[-58,29],[-17,60],[-75,128],[81,-42],[41,3]],[[221724,109700],[14,105],[52,5],[44,-25],[32,-52],[-58,-51],[-84,18]],[[221791,110609],[-40,48],[-55,4],[-57,64],[36,50],[120,-85],[-4,-81]],[[221842,108682],[-22,94],[17,62],[51,-78],[7,-129],[-53,51]],[[221038,115070],[-55,-74],[-39,37],[31,36],[63,1]],[[221955,108481],[-9,-45],[-70,-3],[0,46],[79,2]],[[190437,116200],[-66,-28],[-80,10],[-19,74],[-37,62],[42,47],[5,59],[92,73],[120,82],[40,58],[-16,41],[22,62],[105,73],[0,59],[100,46],[121,68],[35,46],[51,29],[106,-20],[65,15],[72,44],[104,-1],[151,33],[58,-13],[144,8],[108,76],[176,67],[100,94],[100,-35],[118,-10],[31,-14],[57,-77],[64,-40],[76,-76],[118,-5],[26,-47],[74,-74],[6,-137],[45,-49],[7,-43],[-109,-12],[-25,63],[-110,4],[-84,-58],[-49,-5],[-147,-91],[-31,56],[1,41],[-40,18],[-17,52],[5,66],[-84,36],[3,41],[-76,-19],[-4,-35],[-60,-88],[-126,2],[-93,-67],[31,-46],[118,-3],[20,-54],[-71,-90],[-22,68],[-97,14],[-72,-53],[56,-35],[-16,-120],[25,-31],[-31,-67],[-104,-4],[31,-65],[9,-89],[-60,-31],[-98,2],[-4,57],[-36,58],[-64,34],[-64,-54],[19,-28],[-63,-61],[-27,-84],[-56,5],[-116,-90],[-52,-87],[-52,23],[-60,-43],[-91,13],[-17,26],[-94,-2],[-63,-27],[-51,97],[-82,10],[-17,58],[-4,138]],[[190381,116044],[19,-99],[-114,-78],[-1,-42],[-98,-2],[35,76],[-32,112],[27,61],[113,89],[38,-3],[41,-42],[-28,-72]],[[213160,126899],[98,43],[47,-157],[-101,-6],[-95,21],[-41,32],[5,38],[87,29]],[[192822,116918],[-75,21],[-31,49],[31,29],[36,90],[62,-16],[-4,-52],[22,-50],[-5,-86],[-36,15]],[[191610,116151],[52,27],[45,-53],[-40,-35],[-19,-55],[-49,-30],[-55,16],[-13,39],[25,52],[54,39]],[[218526,124757],[45,93],[85,-66],[14,-36],[-44,-48],[-88,1],[-12,56]],[[213090,127039],[74,-44],[-61,-74],[-37,6],[-21,53],[45,59]],[[216329,125447],[-9,34],[108,27],[51,-71],[-49,-12],[-101,22]],[[193470,116230],[-73,-65],[-10,42],[83,23]],[[213217,126616],[-50,38],[108,24],[1,-55],[-59,-7]],[[204457,143857],[-33,-21],[-27,-58],[-63,-54],[-25,-48],[-36,5],[-50,62],[-97,40],[-122,25],[-76,69],[-51,85],[54,50],[36,62],[26,117],[37,44],[77,33],[74,-11],[77,31],[81,-48],[53,9],[42,-50],[66,12],[31,-40],[4,-78],[54,-32],[-16,-59],[-116,-145]],[[203579,144148],[-48,2],[-57,36],[-35,46],[-14,70],[42,68],[28,3],[86,107],[71,1],[41,20],[170,30],[8,-81],[22,-36],[16,-85],[-23,-116],[-3,-75],[-36,3],[-86,-100],[-119,-8],[-33,96],[-30,19]],[[203925,142239],[57,-53],[13,-51],[58,-39],[37,-57],[55,-28],[19,-85],[108,-133],[0,-41],[-31,-81],[-61,58],[-103,-114],[-33,70],[-72,-14],[-99,-107],[3,-66],[-35,-18],[-125,36],[-20,66],[-36,47],[-42,5],[-31,47],[-48,131],[16,82],[-14,47],[34,24],[51,78],[29,-20],[48,41],[24,52],[68,-5],[82,105],[48,23]],[[206194,140743],[17,-58],[-61,-6],[-21,89],[-82,1],[-73,49],[1,49],[120,-6],[63,-32],[44,-54],[-8,-32]],[[205755,141629],[-46,30],[-41,64],[49,6],[36,-50],[59,-30],[4,-69],[-61,49]],[[204326,141680],[-15,39],[54,58],[39,-28],[3,-79],[-61,-31],[-20,41]],[[204772,141581],[38,73],[-17,53],[25,26],[68,5],[-51,-106],[-63,-51]],[[205909,140857],[-12,-47],[-57,11],[10,42],[59,-6]],[[244733,86097],[41,-30],[37,-133],[24,-170],[-60,-61],[16,-64],[-35,-40],[-73,55],[-89,5],[-96,-84],[-43,7],[-131,115],[8,26],[-58,62],[-149,242],[-25,67],[-73,69],[-106,18],[-19,45],[-207,111],[-39,101],[-24,116],[-89,72],[-84,164],[-24,80],[-53,27],[59,43],[90,17],[40,105],[109,-18],[76,31],[93,-82],[-39,-29],[129,-58],[100,-10],[159,-83],[185,-1],[-29,-88],[29,-6],[80,59],[5,64],[75,43],[2,-160],[-46,-152],[1,-185],[50,-54],[12,-91],[72,-85],[75,1],[24,-61]],[[234288,100801],[8,54],[-75,-13],[64,97],[11,93],[23,37],[-18,129],[93,-10],[-16,-60],[28,-47],[-9,-86],[87,0],[-33,-80],[29,-19],[-10,-80],[49,-36],[91,-17],[71,-108],[57,-58],[-115,-36],[-37,-54],[-61,53],[-31,-14],[-64,25],[10,-60],[-65,-39],[-45,0],[-15,46],[14,56],[-35,49],[-93,-56],[-30,101],[19,50],[51,7],[47,76]],[[238371,92565],[7,50],[37,49],[14,89],[-22,32],[14,61],[48,115],[-9,41],[71,59],[52,2],[-19,-107],[52,-112],[27,-100],[35,-25],[-42,-89],[12,-92],[-29,-83],[7,-41],[-71,-113],[-54,-15],[-102,43],[5,48],[38,19],[-71,169]],[[241114,92067],[-13,81],[33,26],[69,-16],[-26,91],[43,35],[-90,33],[-24,27],[40,63],[45,0],[136,-79],[23,-140],[108,-93],[27,-53],[-12,-52],[-42,7],[-9,-58],[-60,-14],[-77,-81],[-40,7],[-82,-57],[-33,61],[36,49],[10,55],[-62,108]],[[234267,101518],[18,-98],[-70,-11],[32,-77],[9,-134],[-70,-80],[-19,31],[24,135],[-50,-31],[-9,-85],[-66,10],[51,109],[-68,-10],[-15,-85],[-43,-11],[-17,50],[27,167],[67,6],[33,41],[1,53],[-41,41],[54,58],[40,-60],[73,41],[104,31],[-24,-71],[-41,-20]],[[245122,85317],[-14,145],[-44,23],[-66,-22],[-2,77],[-22,18],[-24,117],[52,65],[12,-89],[45,-64],[44,-11],[61,-60],[52,-110],[42,-114],[-64,-68],[-61,26],[-11,67]],[[239055,92840],[29,-54],[-169,-120],[-34,-54],[-135,-57],[-54,85],[74,75],[87,1],[20,55],[182,69]],[[240106,94682],[-26,54],[19,41],[7,105],[72,-49],[66,-2],[50,-25],[55,-77],[-62,-15],[-60,-50],[-96,55],[-25,-37]],[[234799,99619],[-8,42],[-64,-31],[-35,28],[38,45],[73,37],[4,87],[34,0],[-7,128],[61,10],[-16,-54],[52,-56],[0,-78],[-57,-1],[-63,-64],[-12,-93]],[[243215,88153],[-17,93],[68,22],[92,81],[43,-138],[-117,-18],[-69,-40]],[[240603,94437],[-57,-50],[3,-82],[-65,-32],[-92,57],[-36,67],[51,15],[74,-19],[87,52],[35,-8]],[[240886,92030],[-26,64],[84,51],[-17,67],[51,90],[63,15],[31,-53],[3,-83],[-144,-54],[-45,-97]],[[237301,98198],[11,-50],[-51,-68],[-37,22],[-54,-21],[-74,65],[25,32],[99,-14],[-4,74],[85,-40]],[[236450,97883],[-31,30],[-8,72],[56,15],[65,-11],[33,-37],[-33,-81],[-82,12]],[[233828,100399],[96,-136],[14,-76],[-40,-13],[-67,67],[-26,117],[23,41]],[[234922,100714],[-27,-44],[23,-85],[-73,32],[5,115],[72,-18]],[[234323,100382],[82,11],[-26,-80],[-55,32],[-66,-16],[14,124],[51,-71]],[[234630,99939],[11,54],[71,20],[39,-70],[-100,-42],[-21,38]],[[236275,97929],[-2,40],[35,54],[53,-26],[43,-78],[-123,29],[-6,-19]],[[239825,93384],[-24,-16],[1,-68],[-50,0],[-41,90],[51,20],[63,-26]],[[235737,98480],[-10,54],[52,30],[38,-20],[9,-73],[-37,-16],[-52,25]],[[243066,88636],[-77,9],[-12,59],[70,20],[40,-56],[-21,-32]],[[237572,96176],[-44,59],[74,12],[22,-57],[-52,-14]],[[234035,98221],[-28,88],[72,-14],[2,-40],[-46,-34]],[[235765,98431],[-42,-42],[-86,33],[31,31],[64,5],[33,-27]],[[233810,100715],[-33,-42],[-45,6],[-4,65],[98,9],[-16,-38]],[[238605,92307],[-4,-88],[-23,-32],[-52,31],[38,68],[41,21]],[[235162,98934],[39,93],[43,-43],[-39,-44],[-43,-6]],[[236654,94008],[-7,47],[82,8],[19,-43],[-47,-25],[-47,13]],[[234213,100316],[-37,-25],[9,129],[24,-4],[4,-100]],[[238450,92211],[-22,60],[46,11],[36,-53],[-60,-18]],[[240328,92253],[76,40],[32,-43],[-96,-14],[-12,17]],[[234086,100706],[33,88],[31,-3],[-17,-83],[-47,-2]],[[238521,97511],[-4,53],[50,3],[27,-60],[-73,4]],[[252404,79087],[-112,31],[-38,64],[106,-41],[44,-54]],[[253874,80610],[59,-35],[117,-18],[9,-144],[23,-32],[-33,-98],[-115,-210],[-268,-556],[-280,-548],[-255,-548],[-89,-201],[-125,-315],[-67,-226],[-23,-118],[-7,-95],[14,-144],[41,-154],[-52,-148],[-78,-22],[-50,5],[-89,42],[-64,74],[-36,112],[-52,48],[-32,114],[7,70],[-34,51],[-45,124],[2,114],[-47,33],[12,44],[-93,75],[26,45],[3,102],[60,48],[37,78],[64,52],[14,111],[-29,86],[13,65],[82,118],[14,45],[119,127],[62,99],[16,58],[-5,109],[-34,95],[15,26],[-28,64],[34,84],[-32,140],[-64,7],[-44,-32],[-89,17],[-19,25],[32,52],[141,141],[68,22],[110,57],[264,191],[153,138],[153,192],[78,114],[66,121],[-11,34],[24,76],[3,119],[-38,80],[-116,175],[-98,125],[-94,72],[-68,29],[-97,8],[17,42],[131,129],[67,85],[74,70],[129,94],[168,78],[75,-8],[-30,-483],[7,-168],[41,-181],[63,-135],[55,-77],[68,-55]],[[254274,69690],[38,104],[63,26],[73,244],[-3,82],[68,27],[132,-119],[204,-45],[66,3],[-5,-50],[-67,-106],[-115,-264],[-78,-204],[-47,-143],[-55,-222],[-38,-252],[-40,-54],[-86,-57],[-61,8],[-28,71],[-55,66],[41,61],[-25,44],[15,89],[83,53],[14,30],[-64,142],[29,63],[-16,114],[-4,128],[15,90],[-12,44],[-42,27]],[[254110,71290],[24,75],[-10,154],[-26,56],[125,78],[103,14],[115,33],[76,35],[62,-20],[-44,-96],[-61,-177],[-50,-168],[-44,-176],[-27,-190],[-3,-248],[28,-124],[48,-63],[12,-103],[-28,-72],[-55,16],[14,94],[-74,141],[-34,117],[-92,160],[-9,67],[-44,81],[30,87],[0,52],[-47,148],[11,29]],[[253076,72314],[105,-361],[48,-123],[54,-111],[88,-128],[35,-104],[-44,-63],[-135,-16],[-34,42],[-22,76],[-89,79],[-17,78],[-146,93],[-9,64],[-29,46],[-62,43],[11,77],[50,75],[-69,101],[12,54],[103,48],[103,63],[47,-33]],[[254413,68435],[35,88],[-15,29],[41,40],[-56,-303],[-50,-333],[-14,87],[6,75],[-39,39],[-21,97],[12,53],[71,57],[30,71]],[[254277,69070],[-58,-59],[18,-33],[12,-110],[-46,-75],[-71,27],[-17,30],[57,82],[-55,30],[-3,74],[27,29],[136,5]],[[252089,78162],[-31,88],[108,99],[64,15],[45,-68],[-48,-82],[-41,-37],[-72,-32],[-25,17]],[[254209,68464],[73,12],[40,-24],[-17,-68],[-58,-60],[-80,3],[-14,37],[84,70],[-28,30]],[[253532,70389],[0,39],[51,33],[90,-47],[-7,-36],[-52,-46],[-60,15],[-22,42]],[[254120,69191],[1,-63],[-80,44],[1,81],[58,18],[-7,-70],[27,-10]],[[254020,69635],[-27,72],[116,31],[48,-40],[-80,-19],[-57,-44]],[[253473,70163],[26,50],[49,22],[22,-83],[-35,-45],[-62,56]],[[253945,69081],[62,-19],[-9,-40],[-52,-16],[-1,75]],[[253909,68913],[70,-7],[-34,-51],[-36,58]],[[252232,77924],[-30,4],[-7,77],[49,10],[-12,-91]],[[254071,69002],[28,-100],[-55,21],[27,79]],[[144632,51724],[0,1401],[0,2561],[0,1967],[-1,5460],[0,3935],[0,5883],[0,656],[0,772],[0,1012],[0,763]],[[144631,76134],[1373,0],[989,0],[997,0],[647,0],[953,0],[638,0],[1266,0],[962,0],[1227,0],[795,0],[802,0],[1459,0],[1062,0],[505,0],[1301,0],[750,0],[1550,1],[1194,-1],[912,1],[830,0],[1005,0],[764,0],[935,0],[1258,0],[1456,0],[975,0],[1100,0],[1053,0],[557,0],[1260,0],[881,0],[1113,1],[1104,0],[768,1],[1123,1],[749,1],[749,0],[1165,1],[1082,1],[1123,1]],[[198395,24393],[-216,16],[-71,18],[-128,-13],[-140,42],[-105,-5],[-50,-27],[-81,15],[-100,-49],[-229,22],[-92,-22],[-154,-14],[-89,81],[-159,57],[-73,14],[-44,-20],[-42,32],[-18,57],[-68,10],[-158,69],[-122,129],[-91,39],[-68,63],[-152,25],[-108,68],[-29,48],[-59,22],[-53,83],[-26,84],[-145,208],[-42,99],[-110,171],[-118,163],[-191,209],[-178,166],[-94,67],[-228,134],[77,67],[-7,78],[-101,99],[-137,72],[-74,78],[-123,41],[-54,-11],[-25,-48],[-58,4],[-23,45],[-72,44],[-154,162],[-73,47],[-25,53],[-64,71],[-93,62],[-108,166],[-153,133],[-55,78],[-105,120],[-172,275],[-78,64],[9,57],[49,19],[105,-14],[54,31],[25,50],[5,89],[-58,127],[-71,68],[-99,23],[-23,122],[14,95],[-92,100],[-129,83],[-103,98],[23,70],[94,8],[102,52],[43,40],[85,40],[145,46],[90,77],[85,54],[79,83],[64,110],[51,238],[7,217],[-10,130],[-69,249],[-110,310],[-92,239],[-60,139],[-135,249],[-87,178],[-130,244],[-243,389],[-289,400],[-181,224],[-124,141],[-176,188],[-316,311],[-138,126],[-235,203],[-279,225],[-254,187],[-261,175],[-229,147],[-319,189],[-363,189],[-281,126],[-318,109],[-224,64],[-133,25],[-121,11],[-83,-41],[-9,-43],[-123,-14],[-144,-33],[-145,-146],[28,-48],[-166,-78],[-193,-145],[-189,38],[-237,13],[-93,-49],[-495,10],[-155,-13],[-48,-37],[-144,-51],[-141,-14],[-119,17],[-163,68],[-69,56],[-80,36],[-7,88],[55,36],[42,56],[36,90],[205,183],[111,-23],[135,58],[164,83],[134,79],[162,237],[18,50],[49,54],[100,63],[83,31],[128,20],[135,66],[28,72],[5,93],[-23,118],[5,60],[64,32],[17,71],[37,34],[-11,85],[15,33],[-25,164],[18,41],[-13,84],[4,99],[61,114],[57,44],[8,41],[99,204],[-37,163],[5,86],[-56,135],[-98,348],[1,48],[57,115],[-4,96],[-45,58],[43,53],[78,32],[49,-37],[-26,-124],[27,-45],[111,-9],[44,33],[1,76],[-39,57],[-6,71],[-68,86],[-145,71],[-97,104],[-51,22],[-134,102],[52,95],[-72,102],[-37,1],[-53,98],[-55,10],[-133,80],[-53,65],[-49,127],[-43,57],[-125,62],[-57,55],[-94,48],[-31,35],[-26,171],[-80,206],[-67,85],[25,95],[-38,145],[-68,69],[-54,85],[-39,18],[-124,-10],[-46,53],[62,16],[22,77],[-37,125],[-59,75],[-46,16],[-24,54],[-107,106],[-15,47],[-61,31],[-97,-36],[-62,-105],[-37,-24],[-68,-135],[-16,-87],[-83,-58],[-33,-109],[88,-99],[-27,-171],[-36,-105],[-95,-90],[-181,-125],[-134,-136],[-20,-111],[-57,-104],[1,-53],[-61,-93],[-4,-225],[-37,-59],[-1,-75],[75,-58],[66,-15],[-27,-74],[-69,-58],[-42,-95],[18,-115],[-53,-118],[-7,-96],[-41,-124],[22,-28],[-61,-70],[-80,-68],[-35,-104],[-25,-23],[-83,-151],[-17,-123],[38,-24],[-59,-39],[-33,-111],[-46,-54],[-75,-167],[18,-55],[12,-127],[-94,-6],[-72,-31],[97,-154],[-23,-79],[70,-47],[-121,-72],[-95,-20],[-103,-53],[-29,-74],[-198,-12],[-122,94],[-250,124],[-151,17],[-45,-24],[-194,81],[-196,10],[-228,-97],[-96,-58],[-53,-71],[11,-48],[-39,-27],[-95,11],[-58,-12],[-181,40],[-99,-24],[-120,-81],[-93,-109],[-10,-93],[-198,-55],[-115,25],[-45,-11],[-66,37],[-203,38],[-148,5],[-65,-8],[-87,-61],[2,-52],[-57,-11],[-13,-64],[-94,-7],[-8,-58],[-91,-17],[-108,2],[-77,-63],[-55,58],[-89,22],[-27,57],[-67,79],[7,64],[67,25],[1,169],[88,-18],[107,43],[22,95],[83,36],[31,44],[61,17],[35,47],[27,99],[57,70],[-21,104],[-101,170],[49,13],[25,51],[68,22],[28,41],[-8,85],[38,112],[-6,33],[72,24],[92,68],[-16,99],[175,-27],[130,-64],[74,-5],[290,18],[187,64],[101,-16],[245,45],[61,-27],[61,-102],[75,-31],[119,6],[63,-85],[65,-17],[154,51],[90,54],[86,81],[37,89],[11,181],[-1,159],[76,203],[9,105],[45,119],[21,181],[58,91],[16,103],[-11,176],[-46,97],[-34,40],[-33,106],[-28,29],[50,165],[-30,193],[-58,39],[-61,-15],[-41,-42],[-20,-79],[-53,-49],[-58,43],[-4,37],[60,40],[47,59],[40,130],[113,1],[45,112],[7,121],[67,106],[11,83],[-19,71],[14,240],[-75,150],[-86,93],[-66,132],[22,31],[114,-23],[61,16],[101,-5],[38,46],[8,67],[77,85],[109,193],[-36,92],[-128,90],[42,37],[82,16],[23,74],[171,155],[130,59],[-6,83],[-127,107],[68,50],[117,145],[109,68],[64,64],[103,61],[103,80],[45,131],[84,102],[82,72],[108,51],[43,58],[84,69],[39,58],[58,14],[64,51],[78,131],[61,38],[119,3],[23,-42],[-51,-75],[-38,-5],[-22,-57],[90,21],[36,54],[14,90],[27,73],[-8,74],[49,9],[19,-77],[67,-10],[52,106],[-144,-4],[-28,27],[23,154],[-47,37],[-14,83],[-81,128],[-11,52],[-151,144],[-22,35],[15,136],[38,25],[9,100],[-17,58],[-68,22],[-22,-49],[-82,52],[18,40],[-51,19],[-80,71],[-29,50],[8,58],[116,232],[65,-11],[-3,50],[124,63],[142,48],[79,-11],[51,71],[82,-19],[82,74],[110,6],[73,-74],[137,109],[27,93],[-80,48],[39,52],[-13,59],[-105,178],[-85,53],[-63,21],[-91,6],[-59,45],[26,71],[-81,179],[-9,79],[-61,237],[-55,90],[-32,117],[-14,105],[5,106],[118,47],[58,43],[-100,51],[-57,56],[-59,22],[-30,45],[-99,24],[-100,48],[17,41],[58,0],[39,61],[-8,50],[-60,73],[-76,34],[-148,132],[72,111],[66,29],[-53,59],[-94,9],[-92,29],[10,99],[-74,19],[-21,67],[-54,-87],[40,-115],[28,-188],[-9,-90],[-41,-133],[-12,-108],[29,-71],[-37,-46],[11,-69],[98,35],[42,-9],[29,-52],[56,-37],[35,-52],[-32,-49],[-27,-100],[37,-75],[-8,-32],[30,-111],[2,-83],[-81,-80],[29,-97],[-41,-95],[-161,25],[-18,-53],[35,-101],[73,-99],[41,-104],[-165,-8],[-114,20],[-40,71],[-93,61],[-137,37],[-119,-33],[-103,-67],[-74,-104],[21,-84],[-64,-17],[45,-56],[-99,-41],[-75,-94],[-94,-86],[-5,-38],[-111,-55],[-44,-6],[-36,-44],[-137,-38],[-59,-47],[-29,-53],[-17,-284],[-34,-67],[-75,-93],[-33,-75],[-107,-102],[-24,-120],[-3,-83],[32,-143],[-41,-85],[-65,-76],[-1,-101],[-108,-74],[-49,-16],[-90,-120],[-2,-53],[-41,-25],[-40,-145],[-47,-126],[-57,-38],[-52,-132],[-114,-124],[-18,-47],[-60,-66],[-124,-41],[-63,-74],[-196,-44],[-139,-3],[-106,11],[-68,-32],[-90,-15],[-41,-43],[-159,-28],[-179,-127],[-223,-97],[-100,-33],[-95,-52],[-144,-6],[-115,-16],[-90,-80],[-8,-39],[-170,-5],[-55,-17],[-165,-126],[-119,-63],[-89,-30],[-104,-12],[-126,-39],[-97,-107],[23,-75],[-85,-30],[-26,-34],[-182,-105],[-32,-33],[-156,-56],[-101,-14],[-164,-102],[-9,-17],[-207,-157],[-32,-83],[-42,-50],[33,-85],[-47,-78],[-54,-42],[-38,-98],[2,-49],[-103,-59],[-31,-47],[-127,-143],[20,-14],[-45,-109],[-178,-171],[-145,-111],[-62,-23],[-82,5],[-112,-20],[-101,-93],[-21,-74],[41,-27],[29,-79],[-89,-52],[-35,-44],[124,-18],[-24,-105],[35,-39],[-54,-59],[35,-35],[-33,-117],[-49,-23],[-106,69],[35,23],[-31,60],[-66,28],[-152,-9],[-57,-75],[6,-37],[-154,-25],[-47,38],[-65,-22],[-118,-83],[-76,-167],[-48,-74],[-3,-56],[36,-47],[91,2],[6,-106],[-92,19],[-13,48],[-66,13],[-100,-37],[-53,-50],[-30,-127],[7,-96],[-8,-117],[30,-25],[86,1],[30,-29],[-43,-45],[23,-36],[-14,-62],[-145,33],[-164,-126],[-32,-51],[-75,-69],[217,-38],[118,49],[105,-1],[59,14],[65,76],[34,5],[49,75],[39,-6],[69,39],[37,-52],[-6,-48],[101,2],[30,59],[2,178],[74,-43],[27,-105],[-49,-78],[10,-78],[-46,-121],[-47,-8],[-106,-82],[15,-123],[42,-40],[15,-87],[50,-21],[27,-81],[-21,-97],[34,-30],[31,-72],[-71,-22],[-14,-34],[-107,-10],[1,-58],[-77,14],[-9,71],[-60,117],[4,43],[-87,49],[-206,75],[-50,-3],[30,89],[-55,79],[-137,56],[-110,30],[-129,18],[-124,-5],[-105,-32],[-47,-179],[-102,-29],[41,-41],[-18,-96],[-132,39],[-68,-26],[-93,16],[20,134],[-41,64],[-43,5],[-2,56],[-234,206],[6,17],[-234,182],[-45,49],[12,27],[-90,96],[-152,108],[-142,82],[-131,55],[-155,27],[-71,-36],[-33,28],[33,57],[79,11],[9,72],[-33,90],[-81,85],[-114,50],[-97,125],[-109,71],[-107,36],[-67,-8],[-52,-42],[-128,1],[-68,-29],[-53,-48],[-14,-81],[-65,7],[-18,58],[6,86],[35,52],[-20,70],[62,36],[11,77],[61,55],[61,104],[76,47],[23,86],[64,-1],[31,-93],[-21,-27],[20,-141],[46,-26],[157,-40],[152,6],[82,-40],[3,-38],[-68,-87],[25,-55],[113,-51],[90,-15],[33,-61],[-29,-59],[46,-71],[138,-14],[6,-62],[-90,35],[28,-66],[92,34],[53,-5],[162,34],[16,59],[120,-5],[74,19],[34,-31],[68,39],[-39,70],[-54,-20],[-130,34],[-29,20],[-69,-32],[2,-62],[-63,24],[55,144],[-7,96],[14,45],[-97,33],[-98,50],[-30,-26],[12,-59],[59,-105],[10,-110],[-111,-27],[47,118],[-20,86],[-40,73],[-38,20],[5,59],[76,67],[-33,234],[-129,87],[19,39],[8,122],[-40,67],[15,100],[-15,112],[-34,92],[11,35],[-33,116],[-129,255],[-53,76],[-51,39],[-92,23],[-81,69],[-57,25],[153,140],[-9,123],[36,62],[-55,159],[7,82],[-53,69],[-30,80],[-107,130],[-128,120],[-48,68],[14,40],[-45,86],[-54,22],[-33,-22],[-52,84],[-74,46],[-26,50],[-153,112],[-57,24],[-64,85],[-106,109],[-82,64],[-184,114],[-216,110],[-80,63],[-170,94],[21,52],[-73,33],[-40,-37],[-71,50],[-21,169],[61,137],[41,55],[-12,184],[-78,320],[-75,210],[-112,229],[-29,3],[-159,86],[-21,51],[-71,86],[-124,54],[-68,-1],[-38,57],[-111,73],[126,16],[26,23],[93,-29],[22,29],[-26,48],[3,67],[-81,105],[-67,7],[-81,44],[-148,-5],[-147,90],[-55,4],[-47,-50],[-90,-41],[71,-87],[10,-33],[134,-35],[37,36],[42,-27],[32,-75],[59,-45],[-53,-89],[-105,114],[-158,109],[-118,11],[-27,38],[-96,35],[-62,48],[-253,72],[-157,-19],[-36,-44],[-101,-59],[-71,-11],[-41,208],[-90,63],[-37,70],[-43,29],[-69,3],[-56,69],[-12,64],[38,21],[-17,45],[-45,17],[-64,-18],[35,-46],[-78,-31],[3,-98],[77,-74],[-5,-29],[75,-47],[77,27],[64,-87],[108,-28],[33,-40],[-53,-54],[-9,-51],[22,-78],[-95,-37],[-49,53],[-62,24],[-68,58],[-79,22],[-48,44],[30,60],[-34,188],[-29,3],[-70,184],[-63,49],[-105,21],[-138,-68],[-100,94],[8,55],[84,29],[103,-28],[47,38],[22,81],[-17,104],[-53,86],[-50,49],[-78,32],[-154,-40],[8,36],[-45,48],[-57,10],[-68,-60],[-56,15],[-32,43],[35,74],[-10,56],[99,30],[146,81],[30,105],[-17,63],[-66,139],[-131,149],[-79,44],[-58,75],[81,44],[53,3],[77,-41],[170,7],[88,-75],[154,-53],[-44,-89],[35,-109],[68,1],[85,62],[2,79],[41,56],[106,84],[37,85],[67,42],[-16,64],[47,100],[-52,35],[-21,192],[-52,152],[-73,100],[-124,111],[-177,181],[-91,57],[-122,49],[-77,16],[-146,-14],[-34,-53],[-98,36],[-68,8],[-156,-68],[-69,-60],[-3,-67],[-206,49],[-109,-9],[-60,-57],[1,-36],[-62,-47],[-12,-56],[-63,35],[-45,-18],[-47,35],[0,49],[-42,41],[67,107],[-52,91],[75,178],[-5,82],[99,14],[-5,-107],[29,-25],[67,17],[46,-15],[81,33],[45,39],[24,86],[-21,39],[-57,2],[-17,86],[-35,23],[-96,164],[-96,57],[-20,63],[-39,48],[-126,105],[-61,14],[0,58],[-85,18],[-44,-81],[-66,-5],[-40,-41],[-81,132],[30,33],[-11,62],[-30,28],[-171,38],[-123,-19],[-21,28],[18,95],[29,63],[-84,58],[-19,33],[6,118],[-51,8],[-75,41],[-41,-16],[-40,39],[-113,26],[-84,-47],[-40,-111],[49,-87],[-75,-58],[-52,-17],[-10,-45],[-81,15],[-61,64],[-81,-15],[-44,37],[34,73],[-78,11],[9,53],[-50,57],[-66,-9],[-51,-71],[-76,-45],[-56,8],[-95,-43],[-22,-46],[31,-85],[115,-16],[16,-27],[106,38],[90,-32],[26,-64],[-148,59],[-92,-27],[1,-45],[-79,-14],[-106,19],[-222,59],[-190,-3],[-67,-11],[-13,-48],[-79,-50],[-49,10],[-67,53],[-238,86],[-92,6],[-53,-19],[-4,-93],[-78,24],[52,48],[-18,38],[-163,153],[-203,131],[-97,28],[-114,62],[-112,-62],[-5,70],[-33,40],[-121,78],[-56,-1],[-78,60],[-64,21],[-249,179],[-117,64],[-193,84],[-152,44],[-136,-29],[-127,22],[-90,-27],[-164,67],[-156,31],[-187,6],[-100,-9],[-240,-50],[-103,-61],[-39,-42],[-41,-98],[20,-58],[84,-13],[56,-54],[-84,-5],[-149,103],[-105,-3],[-71,-41],[-173,-19],[-36,-63],[-257,23],[-31,-37],[-278,35],[-39,-13],[-109,38],[-42,55],[-68,10],[-95,99],[-60,106],[-60,60],[-106,63],[-34,39],[-323,174],[-182,131],[-230,139],[-239,121],[-19,31],[-221,146],[-538,272],[-96,39],[-412,192],[-404,170],[-112,39],[-147,64],[-90,27],[-117,53],[-110,34],[-150,68],[-331,126],[-60,13],[-201,74],[-172,35],[-85,-3],[-66,-49],[-149,-64],[-73,-64],[-36,-68],[-140,-69],[-390,-126],[-167,-42],[-253,-90],[-246,-40],[-256,4],[-278,24],[-329,51],[-141,13],[-126,-8],[-66,-21],[-164,-3],[-267,40],[-101,-4],[-278,5],[-314,42],[-124,0],[-114,-26],[-290,14],[-107,-14],[-60,-28],[-365,-6],[-86,8],[-223,-22],[-144,10],[-236,-30],[-89,-36],[-149,-18],[-283,1],[-211,-27],[-189,-10],[-294,1],[-70,-9],[-324,-18],[-132,-24],[-160,-15],[-135,-23],[-191,-16],[-91,3],[-144,-26],[-194,-14],[-25,-10],[-425,-29],[-248,-40],[-222,-13],[-181,-18],[-215,-51]],[[165044,49119],[-11,69],[41,61],[145,-18],[182,123],[-60,-101],[40,-47],[-37,-44],[-14,-74],[-37,-29],[-87,6],[-41,-53],[-36,8],[-85,99]],[[164861,49028],[6,35],[70,27],[40,-29],[-102,-50],[-14,17]],[[166141,48838],[29,20],[89,-5],[78,-91],[-56,4],[-54,40],[-86,32]],[[169119,42817],[32,51],[-19,45],[51,13],[15,185],[66,0],[60,38],[139,32],[46,-149],[-90,-23],[-81,-91],[-216,-147],[-3,46]],[[182147,39732],[60,82],[51,-28],[-6,-61],[31,-61],[-41,-38],[-34,-103],[-100,16],[-5,170],[44,23]],[[163888,48135],[-31,72],[135,30],[3,-43],[-40,-59],[-67,0]],[[168300,41947],[-37,41],[-6,58],[66,7],[10,-40],[-54,-33],[21,-33]],[[183112,35052],[92,15],[105,-8],[64,39],[51,-28],[-20,-105],[-99,7],[-87,-47],[-85,-73],[1,-59],[60,-43],[150,28],[110,-19],[9,-63],[-97,-43],[-71,-59],[-11,-59],[-112,-91],[-1,-52],[35,-28],[75,-15],[109,18],[186,-34],[169,3],[119,14],[163,55],[53,-4],[103,-147],[-59,-30],[-140,-108],[-67,-66],[23,-122],[86,23],[119,-22],[83,38],[-7,37],[-60,26],[-149,-1],[-12,53],[74,18],[3,41],[95,-49],[98,-19],[133,23],[131,126],[49,31],[6,129],[61,49],[164,-17],[133,4],[187,-46],[83,-45],[57,-7],[101,-88],[-8,-74],[24,-45],[73,-54],[70,-24],[95,-2],[-27,-44],[19,-62],[49,-40],[-105,-21],[-92,-60],[-70,-63],[-44,-16],[-35,-55],[-74,-45],[-83,6],[-224,102],[-155,61],[-126,22],[-122,-47],[-154,55],[-200,27],[-275,-5],[-75,-103],[-111,-1],[-173,-31],[-81,-30],[-103,-58],[-66,-62],[-39,-78],[3,-60],[44,-77],[40,-25],[-7,-63],[-61,-83],[-93,-40],[-202,-35],[-91,-62],[-58,-64],[-84,-5],[-33,-38],[-65,-28],[-180,116],[-178,130],[-57,71],[-159,23],[-56,-12],[-138,24],[-66,-11],[-99,49],[-86,-3],[-34,22],[-138,10],[-66,-28],[-33,-123],[-138,-46],[-64,-56],[-130,67],[-46,-30],[-110,21],[-86,-28],[-233,37],[-110,-13],[-34,-24],[-98,0],[-127,-71],[-92,52],[-156,59],[-125,-10],[-72,-71],[-149,21],[-34,-52],[-97,-12],[-118,5],[-90,-74],[4,107],[-85,140],[-105,125],[-59,45],[-103,21],[-22,26],[-93,-28],[-107,51],[1,74],[-170,153],[-42,88],[48,79],[90,35],[-16,89],[34,31],[-10,48],[59,64],[-22,126],[60,72],[133,15],[53,-16],[112,21],[76,-2],[119,22],[66,35],[26,38],[151,-6],[124,52],[22,49],[76,1],[263,26],[73,27],[72,-5],[258,61],[105,-4],[120,16],[53,-8],[188,29],[72,-6],[126,45],[111,25],[20,39],[74,58],[93,-14],[100,49],[87,-13],[30,32],[53,-3],[50,45],[148,16],[160,60],[45,43],[106,-3],[70,-30],[92,6],[53,-21],[104,12],[196,-35],[67,33],[132,31],[73,-62],[66,3],[95,35],[80,62]],[[176733,37515],[-158,100],[2,22],[-120,13],[23,46],[-29,45],[118,49],[31,-48],[61,-30],[6,-42],[67,-93],[137,-95],[82,-44],[-22,-33],[13,-88],[-60,-63],[-50,1],[-60,61],[-11,83],[32,19],[-8,55],[-54,42]],[[178112,36881],[83,-17],[105,-51],[-11,-59],[-126,56],[-49,-15],[-50,42],[48,44]],[[175725,38739],[10,44],[-51,28],[48,54],[40,10],[51,-57],[-23,-108],[-75,29]],[[187414,38499],[85,-78],[23,-48],[-77,-16],[-57,10],[26,132]],[[177602,39005],[63,-9],[-13,-70],[-36,-18],[-56,47],[42,50]],[[144630,123849],[-1,-806],[-1,-841],[-3,-729],[0,-1063],[0,-766],[0,-1135],[0,-660],[0,-792],[0,-835],[0,-557],[0,-830],[0,-792],[0,-1459],[0,-3159],[0,-1095],[0,-801],[0,-599],[0,-841],[0,-843],[0,-551],[0,-7104],[0,-1002],[0,-2723],[0,-1632],[0,-3322],[0,-1799],[0,-1637],[0,-1355],[1,-6539],[0,-1448],[5,0]],[[144632,51724],[-174,-31],[-67,-29],[-234,-69],[-201,-96],[-217,-80],[-62,-46],[-76,-27],[-81,-52],[-215,-92],[-110,-73],[-94,-35],[-85,-73],[-206,-53],[-28,-36],[-84,-9],[-127,-34],[-61,-45],[-152,-66],[-5,-19],[-128,-30],[-138,-68],[-111,-15],[-386,-150],[-105,-29],[-95,-46],[-120,-27],[-184,-61],[-299,-84],[-33,-19],[-173,-48],[-208,-79],[-50,-4],[-148,-48],[-187,-41],[-127,-15],[-167,-47],[-109,-6],[-362,-73],[-40,2],[-376,-77],[-62,-27],[-234,-56],[-89,-49],[-156,-32],[-165,-68],[-134,-100],[-166,-10],[-129,-24],[-182,-50],[-69,-5],[-237,-58],[-84,-35],[-146,-26],[-248,-30],[-112,-29],[-198,2],[-280,-26],[-223,-8],[-67,-18],[-213,-15],[-222,-29],[-442,0],[-206,25],[-130,0],[-188,-59],[-260,-9],[-343,32],[-182,4],[-446,49],[-253,36],[-188,49],[-65,27],[-304,51],[-161,38],[-53,26],[-115,14],[-151,-12],[-70,-24],[-180,-102],[-179,-52],[-167,34],[-55,-26],[-207,-31],[-124,-37],[-234,-113],[-136,-89],[-50,-9],[-254,-116],[-221,-145],[-41,-11],[-190,-128],[-95,-48],[-163,-134],[-126,-64],[-137,-95],[-124,-101],[-88,-31],[-24,-26],[-226,-52],[-39,-38],[-153,-54],[-89,-21],[-136,-5],[-93,-15],[-335,-102],[-186,-87],[-56,-11],[-143,-82],[-143,-61],[-241,-125],[-91,-60],[-342,-58],[-44,-32],[-49,-76],[-85,-52],[-129,-38],[-134,-82],[-95,-90],[-30,-58],[-105,-62],[-149,-49],[-105,-67],[-186,-61],[-137,-61],[-281,-48],[-84,-3],[-228,-36],[-363,-33],[-349,-39],[-290,-58],[-176,-47],[-221,-89],[-185,-94],[-128,-74],[-298,-257],[-140,-151],[-66,-86],[-100,-176],[-56,-144],[-32,-139],[-130,-278],[-86,-140],[-76,-160],[-54,-161],[-26,-40],[-55,-239],[-1,-81],[-28,-221],[-81,-87],[-119,-30],[-31,-44],[-162,-18],[-90,-42],[-20,-31],[19,-109],[-87,-27],[-193,-106],[-161,-143],[-78,-107],[-27,-91],[-19,-130],[39,-80],[-50,-63],[-120,-20],[-67,-29],[-49,-55],[-159,-64],[-104,-140],[-63,15],[-58,-29],[-73,7],[-75,-28],[-57,-64],[-19,-87],[-44,-52],[-86,-28],[-69,-4],[-17,83],[-97,53],[-139,41],[-196,32],[-110,0],[-133,-23],[-60,-61],[-65,-23],[-17,-70],[-82,-74],[-71,-93],[-77,-8],[-89,-86],[-127,30],[-53,-41],[-219,-77],[16,130],[-54,42],[22,52],[-10,78],[-154,208],[-106,67],[-167,74],[-147,34],[-74,-5],[-54,-55],[4,-46],[-181,-32],[-99,13],[-169,-14],[-118,-49],[-55,5],[-127,-23],[-38,-21],[-80,87],[-88,33],[-116,17],[-57,-15],[-54,-64],[-35,18],[-358,13],[-32,-23],[-94,11],[-121,-37],[-91,-82],[46,-105],[-60,-35],[-58,26],[-29,40],[-73,9],[-64,-23],[-65,-59],[-27,56],[-279,92],[-203,32],[-108,1],[-72,-14],[-80,-50],[-94,-20],[-147,-77],[-88,-82],[20,-70],[36,-23],[-141,-63],[-9,30],[-82,41],[-21,-30],[-125,-52],[-235,-30],[-34,32],[-104,-45],[-17,105],[41,54],[-23,65],[-61,110],[-67,157],[-127,141],[-49,31],[-69,76],[-101,57],[-91,14],[-84,-34],[-60,12],[-102,-3],[-82,-18],[-56,-37],[-39,-71],[35,-39],[-65,-43],[-57,25],[-54,-45],[-120,0],[-64,-40],[-89,-15],[-71,-35],[-49,47],[-147,82],[-187,68],[-102,-1],[-72,-92],[-70,-14],[-61,61],[-213,122],[-149,65],[-93,16],[-21,-31],[-100,-28],[-96,49],[-108,10],[-93,24],[-46,-31],[-131,37],[-170,14],[-59,-53],[-135,29],[-87,-17],[-11,-60],[-80,-11],[-44,-38],[-61,16],[-166,19],[-83,-8],[-87,-94],[-99,5],[-40,26],[-117,35],[-139,9],[-89,-49],[-135,12],[-130,-16],[-23,-42],[-128,8],[-182,28],[-103,-16],[-48,20],[-168,22],[-128,-43],[-149,-97],[-131,13],[-85,-14],[-214,-17],[-139,32],[-142,-2],[-44,-24],[-169,25],[-67,-8],[-112,-38],[-39,-31],[16,-89],[-119,-27],[-87,-37],[-34,-35],[-89,-37],[-52,-1],[-20,-43],[-87,13],[-76,-31],[-157,46],[-272,51],[-90,25],[-73,4],[-308,38],[-282,-19],[-83,-34],[-138,-31],[-26,31],[-92,24],[-74,35],[-144,34],[-149,-58],[-96,-3],[-33,-74],[-164,-93],[-89,30],[-339,-3],[-206,-89],[-49,-54],[-56,-101],[-65,-47],[-74,-14],[-78,-86],[-99,-2],[-140,-83],[-49,5],[-133,-68],[-26,-57],[-158,-107],[-75,-82],[-13,-61],[41,-16],[-151,-120],[-105,-121],[-73,-125],[-49,-137],[-104,36],[-46,-24],[74,-43],[74,21],[-20,-144],[13,-97],[26,-54],[95,-35],[50,-62],[130,22],[8,-56],[-104,0],[-47,-15],[-91,-71],[-63,-7],[-100,26],[54,53],[-44,76],[-133,-15],[-50,53],[-127,-34],[-68,-55],[34,-27],[-62,-86],[-5,-33],[52,-51],[6,-50],[-24,-67],[-65,-30],[-6,-76],[-53,5],[-70,40],[49,50],[-21,39],[-69,33],[-165,2],[-112,-39],[-59,-51],[34,-40],[-19,-42],[37,-32],[7,-69],[-33,-28],[-87,-12],[-28,-61],[-132,9],[76,62],[-55,55],[-117,50],[-93,25],[-47,-40],[-100,9],[-11,41],[-50,27],[-292,80],[-50,-21],[-112,29],[-218,25],[-115,-2],[-110,-16],[-117,-41],[-31,-60],[32,-46],[-27,-52],[-82,7],[-169,-8],[-182,-45],[-199,-116],[-57,-55],[-44,-94],[27,-85],[44,-38],[99,-25],[-38,-39],[-64,-14],[-47,-76],[-128,-80],[-65,10],[-83,-41],[-94,-24],[-52,-42],[-21,-48],[-112,17],[-88,-47],[-205,-31],[-27,-20],[-133,-32],[-31,-33],[-62,-7],[-104,-41],[-104,-60],[-128,-118],[-78,-127],[-51,-156],[6,-142],[116,-23],[13,-65],[-157,-46],[-56,22],[-95,-7],[-119,34],[-58,-28],[-81,-2],[-1,-36],[-106,0],[-75,14],[-24,-32],[-77,6],[-73,-29],[-59,-57],[10,-26],[-136,12],[-40,-51],[1,-62],[53,-37],[60,8],[66,-31],[5,-37],[-50,-54],[24,-42],[-57,-61],[-74,43],[-36,75],[-80,24],[-220,19],[-94,-20],[-84,-35],[-54,-69],[-180,-8],[-44,28],[-175,-12],[-47,70],[94,6],[35,21],[1,55],[-29,70],[23,35],[-134,41],[-18,-55],[6,-101],[-23,-47],[34,-31],[-78,-29],[-58,-51],[5,-81],[-67,-12],[-97,40],[-111,8],[-45,-76],[25,-48],[113,-39],[40,-53],[95,-29],[116,31],[20,-49],[87,-29],[92,-4],[104,37],[16,-48],[-135,0],[-26,-57],[-73,-44],[-72,19],[-73,-10],[-59,27],[-72,-24],[-44,46],[-73,-2],[-67,62],[-89,48],[-260,108],[-99,30],[-196,27],[-146,4],[-134,-69],[25,-93],[-64,-28],[0,-51],[-39,-50],[29,-53],[-95,-35],[-32,70],[-208,124],[-162,57],[-46,-2],[-97,-66],[-40,15],[-15,49],[-186,89],[-69,41],[-277,108],[-103,-10],[3,33],[116,51],[137,13],[9,-34],[140,-62],[118,21],[8,50],[51,-6],[50,43],[-48,102],[-62,25],[-79,-56],[-73,-20],[-74,48],[-81,19],[-79,-2],[-50,-91],[-42,16],[-57,-37],[3,-41],[-46,-44],[21,-64],[-34,-58],[-47,30],[-128,49],[-91,21],[-77,-36],[-109,39],[-80,12],[-100,-8],[-93,-46],[-2,-63],[-68,-51],[-207,99],[-83,13],[-63,-32],[-54,31],[-100,23],[-99,-22],[-203,47],[-99,-29],[-50,-45],[-40,-117],[-84,34],[-67,3],[-27,31],[-117,-13],[-66,45],[-59,-11],[-78,67],[-168,52],[-87,-3],[-77,-39],[25,-31],[-57,-34],[-112,48],[-88,-24],[-134,-71],[-47,9],[-95,-41],[10,53],[-105,64],[-64,-9],[-95,37],[-17,27],[-152,60],[-142,-20],[-77,-32],[-24,54],[-68,51],[-161,100],[-219,103],[-13,30],[-120,44],[-129,75],[-67,24],[-150,84],[-201,69],[-140,24],[-135,51],[-144,30],[-170,-21],[-172,33],[-138,19],[-116,-17],[-22,41],[34,57],[-81,133],[-118,111],[12,66],[-41,78],[-386,348],[-304,258],[-292,233],[-114,76],[-178,141],[-219,143],[-135,81],[-146,62],[-71,-3],[-103,81],[-153,51],[-149,102],[-158,81],[-216,85],[-118,29],[-128,20],[-236,19],[-199,-14],[-225,-48],[-14,84],[103,50],[-4,60],[-85,-12],[-45,-75],[10,-68],[47,-62],[-14,-109],[-51,-74],[-84,-3],[-116,154],[-91,55],[-40,64],[-146,133],[-73,24],[-36,55],[31,83],[-38,63],[48,35],[19,58],[-43,155],[-48,112],[-122,161],[55,86],[-32,56],[18,104],[-1,122],[-53,105],[4,49],[-45,79],[54,35],[1,88],[-23,43],[-18,181],[-21,45],[70,92],[2,79],[26,155],[-52,136],[19,39],[-80,217],[69,28],[39,113],[69,41],[62,112],[-14,68],[-87,242],[25,24],[-32,113],[98,-20],[47,-41],[87,-1],[34,-51],[115,-52],[56,-67],[38,-119],[59,-51],[384,-119],[248,-23],[205,12],[348,93],[115,58],[132,102],[56,67],[149,142],[264,284],[126,116],[83,130],[50,107],[86,244],[76,96],[62,-3],[75,54],[42,94],[17,294],[-1,169],[25,242],[-38,326],[-49,286],[-48,183],[-26,172],[-87,249],[-22,189],[-30,122],[-37,253],[-30,92],[6,76],[109,304],[73,72],[29,3],[139,159],[41,70],[55,15],[44,-75],[-14,-75],[-107,-59],[-73,-12],[-37,-58],[24,-35],[-76,-27],[-55,-53],[22,-149],[43,-56],[3,-63],[65,-112],[4,-112],[83,-113],[7,-57],[137,-66],[18,120],[-73,64],[11,53],[-50,67],[-22,92],[-57,54],[0,106],[-79,81],[16,87],[147,-125],[117,37],[69,-51],[131,50],[-29,30],[28,57],[13,89],[-64,18],[-17,98],[-50,17],[-109,-21],[-19,59],[15,62],[-47,79],[72,20],[52,77],[31,99],[17,158],[-19,129],[-71,100],[-74,68],[93,23],[38,63],[-13,122],[-41,46],[-130,21],[5,74],[-18,45],[121,6],[66,43],[70,70],[17,58],[-19,55],[58,68],[29,108],[-21,67],[-31,14],[5,106],[-39,41],[27,102],[-53,102],[-11,91],[-44,26],[99,59],[27,65],[52,-12],[38,72],[130,-50],[44,-2],[18,74],[70,18],[30,-48],[16,-93],[62,18],[-54,47],[-7,109],[-32,66],[18,41],[56,-20],[64,35],[-107,33],[-146,-78],[-5,-43],[-48,-59],[-82,-19],[-43,69],[-41,-3],[-7,-86],[43,-29],[-34,-37],[-83,-3],[14,-56],[-78,-6],[42,66],[-1,120],[18,95],[5,312],[-17,114],[1,117],[-15,58],[-94,122],[21,48],[0,81],[-64,202],[-39,47],[-16,60],[-65,122],[-24,95],[-98,132],[-122,233],[-63,91],[-64,66],[-22,54],[-109,103],[-17,78],[-53,52],[-60,162],[-165,240],[-46,37],[-199,267],[-84,103],[-75,201],[-111,212],[-17,89],[-65,180],[-129,212],[-58,124],[-34,43],[-28,127],[-53,107],[-89,113],[-193,323],[-142,176],[-81,41],[-53,-8],[6,92],[-12,81],[-104,215],[-49,71],[-8,52],[-94,227],[-48,70],[-28,72],[-54,71],[5,49],[-72,56],[34,113],[-25,55],[-62,50],[-1,33],[-86,68],[57,56],[9,56],[-39,126],[-56,116],[6,112],[-19,144],[-23,105],[-97,87],[82,73],[19,76],[-26,126],[-55,78],[-117,48],[-18,158],[51,119],[-20,117],[-81,229],[-93,31],[10,72],[-27,23],[20,148],[26,36],[-23,49],[-7,89],[47,70],[41,162],[-14,97],[-6,150],[13,76],[-72,157],[-7,110],[-18,61],[-5,108],[8,113],[-3,204],[26,75],[7,100],[31,83],[18,109],[-2,114],[43,107],[50,90],[-7,102],[-104,232],[-24,81],[-40,51],[-1,161],[-54,134],[-88,92],[-27,109],[-29,42],[35,46],[-16,74],[-78,162],[-60,180],[-2,49],[-61,128],[-9,51],[-74,99],[-104,117],[-137,115],[-81,89],[-139,115],[-129,120],[-168,136],[-111,122],[-81,76],[-52,66],[10,43],[-49,74],[21,56],[-40,104],[-39,52],[-67,14],[-89,53],[132,18],[40,51],[24,150],[-37,130],[-26,43],[31,95],[-33,71],[-15,100],[-29,61],[-91,139],[-54,103],[-33,90],[-31,28],[-123,187],[-139,159],[-253,216],[-29,82],[-90,108],[4,40],[-38,55],[-111,108],[-2,21],[-88,68],[-95,113],[-60,116],[-58,32],[-134,49],[-108,79],[-67,28],[-50,84],[-175,204],[-59,29],[-30,84],[-58,286],[-71,300],[-49,169],[-46,133],[-66,158],[58,244],[37,101],[88,143],[29,13],[40,133],[-47,232],[-53,170],[-48,98],[-61,179],[-21,102],[-32,87],[-78,167],[-91,168],[-77,163],[-50,79],[-90,182],[-117,188],[-221,372],[-364,565],[-121,176],[-79,171],[-92,118],[-50,87],[-122,146],[-94,134],[-127,142],[-51,77],[-76,76],[-64,92],[-79,84],[-27,57],[-260,309],[-364,356],[-261,211],[-79,78],[-73,51],[-134,122],[-138,109],[-99,93],[-29,43],[-118,105],[54,51],[-71,128],[32,65],[-48,77],[-51,131],[-61,94],[-148,190],[-147,137],[-92,69],[-44,75],[-53,46],[35,32],[37,-37],[95,-50],[17,-41],[119,-19],[169,-58],[29,-202],[55,54],[-19,48],[10,90],[-22,39],[41,51],[25,88],[17,180],[-17,30],[17,79],[-31,29],[8,101],[-8,64],[59,83],[59,-201],[-20,-59],[35,-41],[-6,-38],[27,-73],[13,-270],[-5,-78],[20,-46],[-28,-29],[26,-55],[-28,-47],[16,-115],[41,-112],[10,-83],[-41,-32],[31,-44],[-20,-35],[54,-44],[32,11],[34,59],[39,-31],[14,-67],[-37,-83],[47,-33],[-11,-45],[69,-31],[11,55],[-3,112],[-51,47],[-55,90],[-18,116],[-44,29],[42,76],[18,141],[37,26],[-8,115],[82,42],[-18,203],[17,47],[19,147],[-54,42],[9,90],[-76,62],[33,35],[-13,66],[-33,31],[57,32],[44,-117],[38,-62],[-11,-109],[65,-57],[-15,-37],[63,-57],[34,3],[37,-60],[-21,-67],[34,-38],[67,-6],[18,-198],[51,-39],[12,-136],[79,-76],[-2,-168],[18,-51],[69,-64],[-39,-104],[68,-4],[12,-79],[-90,12],[-13,-61],[48,-40],[27,-52],[-10,-48],[-66,-36],[15,-26],[-40,-47],[-15,-104],[43,-46],[61,34],[23,49],[-18,57],[38,48],[-16,37],[13,131],[37,15],[7,78],[32,16],[15,81],[-68,86],[17,61],[-75,53],[61,39],[21,76],[77,1],[35,-30],[9,-58],[-29,-42],[72,-160],[-28,-125],[58,-94],[7,-152],[-11,-103],[-37,-30],[52,-109],[56,-14],[3,-34],[-56,-108],[-23,-83],[-3,-96],[47,-26],[69,-75],[30,75],[-10,76],[45,70],[-20,77],[4,59],[104,1],[-3,99],[39,77],[51,-133],[-16,-121],[-26,-40],[26,-54],[-40,-79],[29,-23],[14,-158],[102,9],[7,-67],[29,-77],[-26,-14],[-5,-86],[23,-27],[56,28],[14,39],[113,-14],[-70,62],[-11,59],[42,63],[74,51],[46,-5],[64,-39],[72,40],[47,83],[76,-16],[32,-53],[90,-25],[29,44],[-12,100],[97,112],[33,-1],[105,63],[97,147],[15,113],[-29,241],[-52,78],[17,61],[50,69],[-23,74],[14,57],[-84,132],[-102,76],[-25,50],[-156,111],[-79,40],[-138,53],[-252,50],[-63,100],[18,52],[-22,33],[-87,57],[-17,57],[-76,67],[-14,62],[-93,54],[-23,49],[-137,10],[-43,40],[39,52],[-37,51],[-30,101],[34,83],[-2,43],[-62,46],[-22,142],[15,82],[-61,56],[-125,60],[28,76],[6,80],[-36,37],[-19,96],[-85,80],[-71,31],[-70,64],[11,51],[40,13],[21,56],[-26,70],[-28,135],[30,36],[-66,105],[-58,-18],[3,-69],[63,-75],[-25,-110],[-79,55],[-26,63],[-77,60],[18,191],[61,233],[77,64],[24,69],[54,84],[28,73],[60,31],[57,104],[3,53],[52,48],[26,-57],[10,-94],[-17,-74],[45,-224],[56,-77],[149,-52],[64,43],[20,-180],[37,-126],[71,-103],[93,-65],[88,-30],[44,-38],[41,-77],[79,-69],[59,-25],[83,4],[10,-113],[-21,-90],[22,-104],[24,-21],[94,-12],[50,-27],[-15,-113],[-48,-88],[-46,-25],[-27,-78],[16,-133],[-23,-28],[20,-114],[-64,-60],[-35,-11],[-56,-64],[21,-173],[-23,-25],[16,-153],[21,-99],[91,-130],[-12,-104],[89,-5],[64,60],[17,-92],[49,-8],[72,32],[94,113],[134,209],[20,55],[80,90],[15,57],[61,62],[28,117],[-4,62],[-26,33],[-30,146],[-28,71],[-4,76],[28,33],[79,-62],[72,3],[40,-104],[-37,-36],[-56,-148],[7,-56],[61,-82],[-19,-130],[13,-105],[55,-80],[80,9],[42,-51],[-59,-205],[10,-76],[29,-78],[70,-68],[-34,-113],[75,-113],[1,-119],[35,-110],[207,-190],[146,-119],[27,-62],[64,-56],[12,-85],[43,-7],[40,47],[62,32],[28,46],[66,56],[120,69],[44,86],[124,35],[105,77],[-6,96],[41,31],[56,92],[2,124],[-26,40],[-127,128],[7,89],[-61,88],[-16,100],[13,51],[61,20],[68,104],[24,-110],[72,-3],[56,45],[4,45],[-36,76],[-48,40],[-10,56],[32,80],[-7,57],[-70,76],[3,37],[-69,64],[2,62],[-50,49],[-17,88],[15,29],[98,40],[19,-65],[95,-36],[60,40],[-51,119],[4,137],[74,117],[-5,55],[-135,34],[-28,59],[-64,18],[-46,74],[-110,91],[-23,51],[-54,23],[-19,37],[-105,93],[-60,66],[-23,69],[21,52],[-128,136],[-207,118],[-39,84],[-70,90],[-75,42],[-33,120],[-30,3],[-17,150],[-124,221],[-62,75],[16,38],[-34,95],[-71,95],[-89,85],[25,65],[-29,12],[-60,95],[20,34],[-19,120],[-39,64],[-55,50],[-43,63],[13,60],[-74,50],[4,51],[-51,207],[-66,87],[-29,61],[-64,80],[-55,10],[-88,79],[-133,38],[-69,51],[-121,124],[-49,111],[-56,76],[-38,87],[-19,206],[37,125],[74,70],[-38,19],[-39,97],[-104,113],[90,60],[64,24],[-18,33],[-145,-69],[-123,32],[-4,55],[38,39],[26,76],[12,87],[-2,105],[-14,55],[-53,102],[-100,111],[-83,112],[-47,39],[-120,154],[-93,90],[-130,182],[-81,79],[-83,49],[-122,146],[-19,69],[-68,51],[-13,190],[-20,122],[18,192],[16,69],[-18,83],[11,160],[-40,126],[-25,162],[81,15],[92,82],[62,97],[-12,215],[-83,141],[-13,41],[40,36],[-1,107],[-26,47],[48,58],[69,3],[47,73],[55,203],[-26,189],[28,47],[-5,52],[49,61],[71,51],[70,101],[27,78],[9,151],[56,97],[98,35],[56,57],[51,112],[26,85],[29,25],[26,160],[63,48],[11,91],[89,40],[75,89],[112,44],[123,72],[85,103],[82,45],[73,57],[39,53],[7,85],[44,39],[20,61],[10,131],[1,159],[-26,49],[10,74],[34,15],[16,213],[21,61],[-12,99],[-33,79],[-48,183],[5,86],[-15,71],[-35,30],[7,85],[24,76],[-2,58],[-43,33],[119,52],[114,110],[76,223],[0,154],[-42,71],[28,76],[-35,147],[-5,73],[-69,90],[-35,139],[-2,57],[-74,136],[-27,111],[-72,124],[-66,76],[-141,100],[-67,-4],[-80,-29],[-27,30],[2,64],[70,133],[-23,84],[-59,105],[28,54],[-4,71],[-88,58],[50,143],[143,53],[88,109],[-39,67],[78,11],[56,99],[33,82],[27,155],[-8,32],[72,103],[45,8],[29,69],[62,57],[113,203],[55,134],[-5,52],[17,89],[51,73],[50,205],[39,111],[68,117],[43,150],[92,226],[39,53],[19,72],[34,29],[5,116],[36,33],[28,64],[75,60],[23,71],[45,39],[56,90],[13,63],[106,70],[24,34],[63,18],[85,64],[68,19],[30,50],[136,55],[45,-17],[82,17],[104,71],[54,-28],[16,-41],[68,-51],[-51,-36],[-139,-187],[3,-41],[-46,-192],[7,-95],[-73,-249],[-9,-65],[-29,-64],[-2,-63],[-32,-87],[-29,-34],[-39,-170],[-18,-24],[-41,-159],[20,-150],[33,-52],[96,-94],[12,-80],[76,-76],[-42,-85],[12,-140],[29,-25],[99,82],[102,-11],[-15,-75],[37,-98],[-19,-42],[-83,-58],[-62,-100],[-63,-35],[-40,-62],[0,-83],[24,-41],[-26,-52],[-2,-88],[98,-139],[22,-47],[52,-31],[97,7],[82,38],[83,74],[-11,48],[48,63],[-16,39],[80,13],[94,80],[91,29],[35,-13],[85,8],[43,-34],[18,-86],[-17,-111],[60,5],[115,-29],[105,58],[19,74],[29,28],[-47,49],[18,79],[34,20],[-15,76],[51,193],[41,42],[101,-17],[-102,91],[0,34],[60,104],[43,24],[64,-39],[43,47],[-87,17],[-33,59],[27,43],[131,75],[-57,56],[-12,37],[26,83],[109,7],[34,22],[-39,68],[-103,107],[108,21],[92,-39],[35,53],[-30,75],[31,49],[67,-6],[-25,58],[56,115],[-57,73],[82,2],[68,35],[13,132],[49,10],[51,47],[-23,52],[85,3],[35,48],[67,21],[13,160],[60,89],[52,41],[21,223],[-5,71],[147,91],[44,-23],[57,83],[107,65],[95,-6],[115,21],[102,57],[147,111],[78,20],[150,131],[69,28],[76,59],[31,44],[96,-3],[149,68],[243,-58],[84,32],[59,6],[116,91],[82,85],[48,29],[46,-43],[97,-3],[52,31],[74,80],[77,19],[77,61],[64,-27],[73,65],[233,-27],[93,17],[63,31],[101,73],[59,13],[89,57],[120,-9],[31,38],[-12,44],[25,40],[109,-25],[90,95],[47,-27],[59,-80],[53,0],[-3,44],[37,77],[-39,31],[5,52],[60,34],[2,61],[55,73],[55,41],[95,10],[-14,77],[131,127],[45,23],[106,123],[118,105],[56,13],[14,45],[116,5],[65,71],[-6,41],[48,36],[56,-3],[17,-30],[65,18],[60,38],[46,87],[22,-77],[81,78],[22,-56],[44,24],[-33,47],[69,22],[83,-28],[55,159],[2,45],[72,52],[25,80],[50,60],[57,145],[173,201],[89,18],[231,148],[179,45],[134,52],[32,-3],[118,59],[32,-12],[177,58],[118,106],[69,-33],[34,37],[-13,70],[24,48],[2,223],[9,59],[32,44],[14,124],[94,-43],[55,-63],[60,1],[38,-26],[87,-20],[60,-30],[141,26],[31,16],[77,125],[62,-16],[194,57],[164,11],[107,22],[116,102],[39,19],[81,76],[-9,29],[53,69],[124,28],[165,26],[101,86],[96,25],[133,118],[94,28],[72,44],[30,63],[65,39],[5,33],[96,-5],[37,37],[-31,30],[60,98],[83,74],[57,112],[92,36],[-10,84],[56,21],[122,15],[70,-3],[2,-47],[-38,-24],[-149,-171],[4,-75],[-40,-47],[-83,-171],[-11,-73],[93,-130],[63,-55],[188,-64],[117,-6],[75,20],[154,71],[-2,38],[51,49],[34,-5],[47,61],[58,46],[185,36],[44,-69],[120,113],[84,17],[128,-84],[76,7],[37,115],[52,57],[67,43],[25,41],[58,-82],[31,8],[43,-91],[-83,-31],[-41,-48],[-34,-94],[14,-41],[60,30],[-7,54],[90,-29],[-74,-57],[109,-67],[69,14],[121,-44],[108,-76],[48,12],[52,-23],[94,-12],[56,-25],[80,-6],[87,-43],[72,-22],[22,66],[48,25],[199,-4],[147,19],[87,31],[145,21],[208,86],[47,-22],[51,84],[76,18],[84,49],[49,-5],[24,-120],[33,18],[51,69],[32,-30],[34,56],[74,-92],[77,25],[110,16],[140,54],[39,39],[125,70],[73,62],[50,20],[119,75],[21,84],[38,20],[-13,44],[16,49],[76,37],[51,-13],[114,50],[85,-31],[-15,75],[-51,20],[53,121],[-19,69],[210,32],[50,18],[129,71],[83,83],[27,52],[90,27],[305,197],[103,51],[92,92],[61,-5],[6,-95],[-64,60],[-41,-22],[19,-66],[-54,-22],[4,-59],[142,41],[27,-51],[46,61],[50,27],[123,-11],[44,53],[86,15],[58,-27],[16,36],[203,89],[40,-117],[78,-35],[-6,55],[120,26],[36,-11],[72,42],[130,-3],[37,25],[57,-39],[78,-9],[20,52],[85,-24],[19,65],[91,53],[-8,40],[165,37],[-22,-71],[-2,-80],[57,-36],[133,28],[-11,29],[-66,0],[-65,30],[2,29],[180,21],[83,33],[40,-61],[157,-61],[60,47],[104,32],[117,54],[55,36],[87,26],[126,8],[101,-9],[35,45],[5,69],[50,101],[84,20],[32,75],[31,33],[100,145],[57,42],[70,21],[81,42],[74,70],[39,57],[48,103],[30,148],[46,89],[52,-2],[209,50],[66,34],[49,47],[55,87],[-14,59],[37,42],[100,-5],[130,-75],[40,-103],[60,-53],[167,-35],[15,28],[-164,34],[-26,75],[24,146],[53,28],[148,-8],[180,-81],[211,-46],[67,-26],[101,11],[138,-23],[55,-31],[96,-1],[60,14],[107,-93],[115,27],[89,-27],[32,-68],[141,-97],[209,-85],[215,55],[130,60],[94,71],[45,80],[-9,40],[97,38],[22,-53],[3,-75],[65,3],[40,44],[53,6],[-5,90],[14,48],[-45,29],[47,33],[47,0],[30,-40],[47,18],[-26,59],[124,-54],[122,-6],[86,12],[279,86],[153,28],[162,40],[167,-2],[199,22],[338,66],[96,-9],[203,5],[448,126],[122,38],[274,107],[116,23],[114,47],[340,119],[44,6],[213,82],[145,29],[139,41],[265,109],[230,102],[78,27],[281,119],[228,82],[403,153],[152,82],[150,94],[191,106],[95,69],[97,50],[154,106],[278,204],[214,194],[65,74],[164,155],[149,157],[165,201],[268,353],[328,464],[64,175],[-29,30],[79,80],[78,124],[48,126],[-16,61],[75,49],[97,166],[15,154],[46,-1],[40,49],[57,133],[86,80],[-35,38],[29,113],[-11,66],[-69,62],[-67,7],[-9,93],[37,46],[127,13],[69,-55],[113,57],[111,-1],[90,28],[45,92],[79,21],[122,84],[-36,82],[5,63],[-68,101],[-73,48],[-117,25],[4,33],[117,44],[36,36],[76,132],[15,51],[76,-24],[-43,143],[38,54],[102,99],[72,13],[66,-86],[80,-34],[164,44],[140,94],[32,1],[61,46],[100,102],[80,9],[77,53],[85,111],[43,31],[79,135],[98,-4],[64,50],[104,20],[67,38],[76,71],[53,79],[25,2],[50,115],[69,37],[37,-37],[25,67],[-33,28],[44,57],[120,19],[72,56],[128,30],[150,60],[114,82],[81,78],[55,106],[28,141],[4,75],[-12,120],[-30,135],[-85,76],[-80,-16],[-23,15],[-131,12],[-184,58],[-60,30],[-56,-83],[-52,-20],[-56,-52],[-26,-78],[-53,47],[-10,44],[-44,26],[98,129],[21,67],[7,142],[14,72],[-1,135],[-60,342],[20,40],[-23,58],[12,90],[-5,192],[-39,79],[-31,-5],[-8,81],[-32,175],[-39,82],[-58,38],[-38,84],[9,99],[-21,144],[-1,64],[33,33],[12,66],[-10,80],[-1,164],[11,147],[-10,83],[39,32],[26,79],[4,103],[20,66],[15,114],[69,102],[62,-25],[19,70],[42,66],[47,118],[45,-13],[34,62],[-12,28],[46,46],[28,-17],[95,67],[114,43],[-77,41],[-77,-35],[-82,28],[20,66],[123,146],[92,78],[80,37],[45,3],[57,33],[69,75],[44,77],[-28,31],[155,92],[118,82],[109,29],[27,-42],[92,-58],[12,102],[35,68],[-38,67],[4,59],[74,-36],[114,-75],[-34,-63],[78,-1],[36,-36],[64,-13],[178,22],[-94,110],[-14,40],[10,72],[-88,98],[8,63],[-66,61],[3,87],[112,4],[39,33],[-81,74],[109,108],[-34,34],[50,37],[130,-9],[62,-138],[61,-12],[124,28],[128,73],[47,-41],[45,3],[105,49],[31,59],[59,63],[90,-31],[52,-44],[46,18],[53,-33],[85,-81],[26,22],[-53,56],[-12,62],[-63,14],[-74,70],[-68,-7],[-9,167],[-49,-59],[-85,43],[-9,72],[124,217],[36,141],[12,91],[49,49],[93,39],[52,-2],[93,41],[70,82],[43,87],[68,8],[57,34],[40,62],[-6,63],[-29,32],[8,98],[86,127],[29,93],[94,-54],[125,28],[50,56],[166,75],[-9,-57],[46,-25],[24,-47],[-51,-13],[-28,-47],[82,-116],[89,-33],[32,29],[49,-29],[-135,-72],[-104,0],[-45,35],[-86,-19],[-35,-36],[4,-51],[48,-2],[-16,-73],[-73,-55],[2,-33],[108,-52],[-72,-62],[-20,-88],[-45,3],[-44,-61],[-8,-55],[120,-23],[7,-57],[36,-53],[-28,-27],[34,-57],[53,28],[37,88],[30,20],[34,-55],[38,-6],[-27,-106],[38,-40],[-11,-86],[54,-65],[52,-15],[85,21],[55,-82],[98,-23],[51,12],[47,41],[36,-30],[-29,-45],[-23,-79],[-66,25],[-69,-59],[1,-94],[31,-72],[109,-29],[104,-72],[16,-45],[3,-123],[48,-13],[-4,-54],[-49,1],[-48,-111],[-9,-139],[91,-20],[153,-92],[148,-105],[26,-70],[165,-208],[31,-167],[-12,-23],[37,-120],[49,-34],[194,-202],[45,-80],[32,-109],[88,-127],[27,-55],[28,-113],[-4,-174],[67,-42],[79,2],[79,-86],[74,-22],[71,-145],[41,-20],[4,-40],[51,-17],[80,-69],[-14,-46],[68,-40],[-14,-59],[65,-9],[35,-68],[-1,-112],[49,-38],[54,-14],[42,-84],[-22,-120],[42,-98],[51,22],[10,50],[-24,42],[31,35],[-25,63],[38,63],[-19,64],[-67,55],[15,58],[-17,220],[-57,35],[10,87],[24,34],[-6,80],[36,77],[58,-35],[37,77],[0,134],[58,175],[13,192],[28,116],[75,9],[20,41],[-70,102],[-89,77],[-104,212],[-18,256],[77,97],[195,54],[65,-44],[6,-135],[88,-27],[3,-57],[64,13],[41,59],[100,-75],[68,-36],[91,-83],[61,-172],[43,-39],[103,-138],[102,-40],[17,-47],[77,-22],[52,-95],[118,-22],[107,43],[-115,43],[-6,65],[-74,45],[-8,33],[-112,83],[-58,62],[21,71],[-24,31],[-49,242],[-84,153],[-13,63],[108,27],[-72,38],[99,130],[35,21],[167,142],[90,58],[50,84],[61,9],[25,43],[90,38],[44,-4],[35,61],[-10,47],[-35,26],[19,56],[-50,2],[-8,-60],[23,-38],[-169,-75],[-61,-1],[-30,-51],[-143,-74],[-108,-14],[-53,-47],[-103,-24],[-38,18],[-78,72],[-58,99],[-1,131],[-50,30],[-133,197],[-27,67],[0,71],[-57,15],[-51,-27],[-53,40],[-55,70],[-86,61],[-42,86],[-216,115],[-42,-23],[-110,43],[-133,-9],[-72,26],[51,41],[-11,38],[78,34],[69,-6],[64,23],[-35,74],[33,51],[15,62],[60,-34],[56,54],[37,59],[73,-10],[-8,72],[-112,64],[-50,-49],[-218,11],[38,-40],[16,-66],[-104,20],[-55,-110],[-46,55],[7,65],[-32,82],[-89,19],[-50,50],[27,55],[105,2],[57,54],[-66,65],[-67,21],[4,60],[124,-71],[87,-29],[115,-63],[61,-4],[43,-32],[332,-59],[-35,56],[-64,12],[-80,37],[-66,-21],[-19,56],[70,22],[99,2],[60,-20],[100,2],[14,48],[-55,22],[-62,51],[-66,14],[-49,43],[-119,42],[-155,40],[-158,49],[-22,71],[102,-23],[130,-58],[72,24],[-103,35],[-30,51],[68,13],[166,-34],[37,-25],[-20,-41],[88,-38],[37,30],[190,-51],[97,58],[16,28],[-40,43],[-95,25],[-127,96],[9,75],[49,-34],[20,-51],[47,46],[66,-31],[159,16],[-87,146],[-78,9],[-11,39],[-79,54],[-66,10],[-85,81],[-54,-32],[47,-49],[-58,-27],[-71,-1],[-143,86],[-67,69],[-3,63],[99,-38],[59,67],[62,27],[-81,98],[-14,38],[76,16],[-3,30],[-119,49],[34,113],[56,45],[31,-19],[91,32],[69,-1],[60,-32],[50,7],[75,69],[95,-17],[27,-53],[74,-3],[65,110],[36,-44],[94,-37],[61,-42],[90,-128],[87,-35],[22,-37],[-87,-6],[-26,-59],[44,-77],[-11,-55],[-56,7],[-33,41],[-73,-30],[-78,9],[30,-64],[148,-53],[76,-87],[54,-43],[82,-43],[61,40],[63,-22],[33,-42],[-23,-38],[85,-59],[-44,-58],[30,-50],[-111,26],[-28,-64],[8,-87],[46,-89],[63,-34],[5,46],[114,74],[-30,35],[18,147],[29,105],[-39,30],[-40,127],[55,-20],[16,-79],[28,-34],[144,-96],[167,-91],[52,20],[-28,114],[-57,63],[-31,9],[-54,89],[-68,55],[175,104],[-97,48],[-34,65],[-119,72],[-8,61],[61,-20],[37,-46],[177,-76],[62,-43],[139,4],[52,-17],[50,-50],[101,10],[97,-6],[80,-29],[84,-6],[68,-51],[81,-32],[84,-53],[-5,-69],[89,-61],[-30,-44],[51,-47],[34,-131],[52,-79],[66,-29],[46,32],[59,10],[55,-23],[94,-9],[46,9],[107,-14],[48,-52],[-14,-41],[-97,-69],[62,-26],[118,15],[105,68],[66,-4],[6,-53],[80,-97],[-28,-80],[64,-65],[-40,-62],[18,-70],[72,49],[30,100],[-14,43],[88,5],[56,-19],[25,27],[-147,67],[-71,-23],[-81,80],[25,72],[-22,18],[-3,88],[-55,42],[-49,3],[-41,-27],[-126,-16],[37,152],[111,107],[62,80],[68,-29],[4,-79],[52,-9],[40,28],[7,-98],[57,-28],[51,30],[9,-89],[176,13],[48,24],[35,-28],[225,1],[86,-24],[149,3],[60,29],[353,17],[106,16],[107,30],[192,-79],[92,-74],[111,-28],[93,23],[129,-3],[149,49],[-14,43],[-99,-36],[-83,22],[-131,-24],[-67,25],[-92,-26],[-114,128],[-182,47],[-99,12],[-45,70],[-93,47],[-95,-24],[-124,25],[-112,37],[-101,2],[-123,27],[-138,-23],[-78,-30],[-73,-9],[-118,-55],[-72,66],[-51,-57],[-101,-21],[-104,34],[0,69],[-47,18],[37,129],[-50,84],[62,132],[-15,43],[-96,58],[-3,38],[79,71],[-48,73],[52,9],[9,59],[47,-28],[56,-5],[49,56],[47,112],[10,73],[-29,78],[-3,115],[49,-13],[41,25],[55,-12],[24,-80],[-29,-67],[59,-53],[50,-97],[51,-44],[35,-69],[-10,-27],[37,-53],[26,116],[113,116],[44,69],[78,-28],[76,-2],[73,37],[115,94],[-101,-16],[-64,-67],[-63,8],[-4,128],[-12,72],[4,128],[-23,28],[27,81],[-28,54],[20,59],[53,37],[85,-31],[9,44],[-89,26],[16,61],[-23,45],[60,36],[2,31],[48,42],[-71,85],[11,27],[97,42],[119,117],[89,-36],[24,48],[47,39],[91,23],[-39,82],[54,25],[55,-31],[42,27],[-111,57],[-57,84],[-53,-27],[-90,41],[-151,-58],[-35,-39],[-67,-36],[-43,-43],[-93,-165],[-35,-23],[-44,-80],[-24,-82],[-26,-21],[-54,-152],[-38,-75],[-98,-133],[-61,-37],[-22,69],[22,150],[-27,49],[-50,40],[-2,113],[-19,44],[22,41],[-11,67],[-60,20],[-21,72],[10,60],[-74,-33],[1,-72],[-27,-77],[-43,13],[-56,-15],[-35,30],[-10,118],[15,131],[-46,114],[8,89],[-44,56],[2,69],[37,122],[8,68],[45,16],[-2,64],[28,72],[43,-70],[80,-8],[-14,98],[-32,16],[11,49],[-24,132],[-84,31],[73,75],[-4,58],[-52,49],[40,38],[44,-27],[43,78],[80,3],[1,81],[101,51],[-17,30],[-63,-60],[-52,-19],[-50,23],[27,37],[111,72],[104,11],[78,29],[67,-75],[80,-13],[18,-56],[55,16],[65,-10],[-11,-62],[51,-35],[56,79],[94,13],[-10,73],[26,54],[-6,56],[34,90],[54,58],[39,-36],[-55,-96],[78,-96],[96,-10],[23,44],[-60,74],[-12,104],[17,35],[50,14],[-43,51],[40,58],[124,35],[43,29],[28,70],[-19,33],[-61,-31],[-62,22],[-139,-20],[-18,97],[94,31],[50,-14],[68,52],[-109,97],[-45,130],[121,-44],[30,14],[-21,77],[62,-4],[51,-59],[44,-17],[118,-78],[24,-74],[-30,-64],[-91,-56],[53,-51],[28,76],[110,98],[-18,46],[69,13],[162,-125],[23,41],[51,-53],[-33,-52],[61,-44],[83,-3],[0,39],[98,-62],[61,-18],[37,-47],[85,-49],[79,-12],[13,-79],[51,-52],[105,-38],[57,-97],[-23,-47],[-62,-44],[59,-48],[88,43],[39,-54],[-10,-141],[88,116],[8,54],[77,65],[53,10],[68,-18],[128,-69],[117,-94],[-10,-33],[91,-42],[62,-60],[28,5],[126,-79],[52,-72],[153,-70],[126,-84],[-5,38],[-98,61],[-69,28],[-74,78],[-52,6],[-42,54],[-77,50],[-7,31],[-116,51],[-75,56],[-37,58],[-39,11],[-61,60],[-64,20],[-143,118],[62,132],[30,142],[4,69],[77,60],[68,24],[-2,37],[-143,-52],[-10,13],[67,141],[-53,-6],[-75,-49],[-61,7],[-46,52],[-112,7],[-114,-49],[-90,-70],[-55,-8],[-137,-78],[-33,8],[-48,-44],[-100,71],[38,51],[-67,2],[-69,96],[51,110],[79,61],[-2,43],[68,8],[2,46],[86,80],[66,2],[50,48],[61,-28],[74,-80],[49,62],[86,33],[20,71],[35,9],[98,83],[-63,80],[-74,-45],[-87,20],[22,-47],[-92,-95],[-53,22],[43,93],[-60,10],[-55,-68],[-14,-56],[-36,-33],[-67,35],[17,-68],[-81,-52],[-74,-28],[-10,-64],[-111,-56],[-35,19],[-39,83],[10,64],[59,54],[-61,18],[15,44],[67,94],[-140,-50],[-15,32],[-66,-18],[23,96],[62,50],[60,6],[-6,63],[61,19],[53,50],[76,12],[94,-9],[39,-49],[77,6],[46,-36],[54,-7],[31,72],[144,72],[35,-57],[30,18],[21,80],[46,54],[-80,50],[-38,113],[-30,21],[42,55],[-18,80],[42,51],[54,31],[47,-34],[35,39],[68,32],[43,-67],[-10,-60],[-102,-98],[3,-36],[77,-50],[-13,-76],[96,-9],[7,55],[39,53],[91,-3],[-19,-132],[4,-77],[72,-46],[2,-64],[28,-72],[81,-71],[39,30],[25,66],[46,-15],[43,39],[67,22],[58,61],[56,9],[101,-8],[50,-43],[45,70],[39,-15],[-44,-121],[10,-62],[39,3],[109,-51],[143,39],[74,-35],[87,46],[131,-62],[140,38],[80,-3],[92,-23],[0,79],[-99,7],[-22,19],[-258,-6],[-17,35],[-73,26],[-15,34],[119,88],[0,70],[-106,8],[-42,22],[37,56],[40,2],[83,39],[39,-18],[36,58],[78,49],[68,17],[37,85],[-46,-6],[-27,-59],[-107,-33],[-37,12],[-35,-44],[-82,-16],[-66,154],[-35,-39],[-119,18],[-7,62],[-75,-80],[-75,12],[-34,31],[-51,5],[4,86],[62,27],[-119,38],[-70,-85],[-23,62],[30,79],[-65,10],[-23,-75],[-45,-32],[-65,-1],[-22,91],[68,26],[-2,38],[36,57],[103,53],[53,-16],[-20,-51],[48,-35],[105,1],[51,29],[6,87],[42,44],[19,61],[-74,-8],[2,51],[-62,-8],[-16,69],[-50,-29],[-82,30],[-35,-38],[-71,9],[40,81],[-100,-65],[-48,27],[-56,63],[-44,225],[-93,18],[-48,49],[-30,-26],[-38,99],[68,75],[108,-17],[23,34],[-29,49],[11,50],[156,8],[-31,58],[15,98],[65,26],[55,-13],[37,-79],[38,29],[20,90],[64,-15],[15,29],[131,16],[-85,90],[-47,-44],[-81,28],[-57,56],[36,56],[-8,28],[49,46],[42,-1],[34,47],[51,17],[38,72],[44,-67],[65,-4],[-4,55],[85,47],[-11,125],[37,35],[61,-5],[-30,-75],[8,-94],[45,-29],[-24,-108],[68,57],[58,-4],[49,23],[-18,65],[57,-12],[53,-128],[5,-62],[112,-112],[-36,100],[66,12],[-10,97],[59,6],[31,60],[-36,57],[13,68],[51,6],[30,-89],[35,22],[-17,95],[28,37],[78,21],[28,49],[42,-50],[82,9],[57,-22],[-13,-68],[-62,-34],[46,-79],[180,-15],[-95,45],[4,47],[46,57],[47,-42],[55,88],[-28,90],[3,60],[-29,68],[31,65],[-2,67],[38,13],[7,44],[39,30],[-11,53],[-66,103],[-64,30],[-3,52],[54,58],[-83,122],[79,166],[-68,73],[28,53],[70,-55],[6,46],[58,66],[142,-69],[69,-107],[0,-47],[72,-7],[120,-59],[53,53],[12,-90],[-51,-25],[-5,-45],[46,-43],[-87,-47],[-36,29],[-105,43],[14,-125],[-26,-32],[0,-56],[-62,-5],[-10,-56],[41,-22],[6,-101],[-16,-78],[77,-39],[3,-67],[31,-45],[20,-71],[-29,-103],[-17,-125],[-124,-309],[24,-64],[60,104],[53,184],[89,191],[28,94],[-2,45],[34,32],[70,21],[48,-37],[74,23],[47,36],[122,24],[17,93],[63,-9],[-47,-109],[39,-30],[86,57],[97,39],[30,-90],[-52,3],[-106,-37],[-22,-53],[65,-55],[15,-55],[63,-52],[-84,-17],[1,-40],[66,-30],[-66,-81],[69,-66],[1,-70],[44,-29],[37,31],[51,0],[28,-75],[45,5],[37,-39],[36,-97],[54,60],[33,-22],[29,123],[-17,50],[-44,54],[-6,37],[-69,37],[-11,26],[44,66],[40,7],[-3,56],[46,28],[66,-1],[68,49],[47,-4],[7,-97],[52,-6],[46,-37],[33,4],[25,110],[44,39],[119,-75],[37,34],[-31,56],[9,187],[-69,9],[-31,63],[1,105],[-36,63],[-72,8],[-59,-25],[-35,95],[108,-10],[39,21],[24,64],[40,-3],[88,95],[105,-13],[44,42],[-40,77],[19,31],[62,-13],[-24,115],[-78,101],[-36,104],[91,77],[95,-9],[46,21],[84,8],[94,109],[23,109],[16,16],[-68,81],[67,33],[-24,115],[-83,31],[-32,90],[-56,62],[-57,33],[-60,-48],[-51,44],[-55,11],[-133,-94],[-53,16],[-58,43],[-26,51],[-49,6],[-5,77],[-71,45],[22,32],[-2,110],[-34,37],[48,35],[22,-64],[53,-70],[62,-19],[-37,-123],[80,43],[49,56],[95,19],[-1,32],[-49,36],[-30,49],[-44,-7],[-21,41],[77,34],[110,-20],[40,-180],[94,-58],[23,51],[-50,40],[4,64],[30,38],[-46,47],[-61,108],[-18,-7],[-106,48],[28,21],[-88,40],[-74,18],[45,40],[52,-6],[68,-70],[48,0],[14,70],[80,72],[15,-47],[113,-61],[97,-28],[5,98],[57,1],[63,-25],[-22,-52],[-53,-56],[-16,-44],[80,-37],[-107,-86],[-30,-54],[-90,-72],[53,-14],[143,128],[110,49],[46,50],[87,-6],[10,-48],[-61,0],[-30,-29],[-50,-2],[-116,-93],[12,-41],[62,39],[80,-11],[58,28],[38,-45],[60,-4],[21,-47],[-34,-62],[-50,-18],[-79,5],[-100,-93],[103,-2],[-95,-79],[-16,-66],[146,97],[66,3],[-28,-55],[18,-44],[50,-43],[-27,-41],[-48,4],[-52,-40],[-7,-34],[38,-38],[-45,-71],[38,-59],[72,-18],[87,19],[59,-57],[-62,-62],[-46,-124],[63,39],[53,-12],[42,-48],[72,5],[40,65],[81,-40],[29,43],[-2,47],[50,43],[57,7],[105,58],[-78,87],[-67,46],[-72,-4],[-19,58],[18,76],[37,22],[5,91],[136,6],[-4,159],[-10,58],[61,-13],[75,14],[60,-9],[51,138],[113,15],[24,62],[51,62],[21,-59],[70,-43],[77,50],[47,-1],[79,125],[50,14],[74,93],[86,-36],[93,38],[14,-39],[-46,-28],[-100,-26],[-64,-92],[-55,-50],[-37,-62],[-55,12],[-36,-52],[2,-41],[44,-74],[-61,-7],[-21,-31],[-111,-94],[6,-97],[66,-27],[98,29],[35,34],[115,39],[-13,-53],[-48,9],[-56,-36],[-12,-46],[11,-83],[126,-110],[48,38],[55,3],[88,28],[23,-63],[-52,-55],[1,-60],[31,-63],[-24,-89],[47,-51],[81,0],[53,-18],[-8,107],[31,41],[-16,79],[54,0],[52,-45],[67,23],[27,50],[3,66],[-21,88],[44,54],[14,54],[-70,152],[31,17],[131,-124],[42,-25],[-15,-50],[10,-57],[71,9],[70,66],[-30,91],[79,18],[25,98],[82,108],[-36,45],[8,61],[-43,14],[-56,-59],[-115,24],[-33,93],[72,113],[58,-101],[56,17],[42,-11],[40,31],[-26,45],[151,8],[70,17],[59,-75],[114,78],[91,1],[103,-45],[21,-59],[99,46],[-143,134],[-125,76],[-28,37],[-155,-1],[20,47],[-52,142],[-112,99],[-25,86],[-40,63],[9,76],[-46,25],[-32,46],[61,27],[43,-7],[62,25],[44,-35],[49,52],[86,34],[3,-39],[51,-35],[-23,-96],[74,-34],[-1,56],[62,32],[22,39],[-45,55],[12,75],[124,34],[110,-71],[87,-40],[77,41],[-25,32],[-55,3],[-20,52],[51,16],[100,-26],[15,25],[121,-106],[7,-73],[41,-35],[54,-9],[52,-44],[-19,-90],[52,23],[51,-48],[9,72],[41,0],[16,-43],[-44,-92],[61,-14],[65,56],[49,-19],[-1,-62],[-72,-53],[32,-30],[-13,-96],[151,51],[12,-25],[-29,-61],[30,-35],[-8,-55],[33,-39],[-19,-38],[72,-29],[-41,-50],[142,-76],[-8,40],[43,18],[-23,42],[31,27],[18,77],[88,26],[-39,66],[75,14],[39,-67],[-42,-69],[19,-52],[36,-5],[54,32],[66,5],[54,156],[120,24],[43,-53],[40,-18],[30,-64],[75,-90],[39,-26],[90,-14],[39,18],[23,46],[-17,42],[-83,41],[-6,52],[103,44],[57,-11],[7,-37],[104,-80],[48,-13],[80,-94],[44,80],[31,-1],[-17,-99],[58,-26],[39,-44],[77,-54],[8,-44],[-82,-84],[48,-44],[-45,-82],[127,-49],[2,-61],[33,-3],[21,67],[125,-68],[91,-29],[-11,-50],[-60,-62],[8,-27],[95,66],[52,-1],[46,-39],[7,-54],[47,-8],[83,-76],[72,13],[66,-86],[93,-39],[-9,-30],[105,-54],[-7,-94],[76,-24],[30,-55],[-11,-53],[97,-51],[76,-89],[96,-87],[60,-28],[14,-57],[61,-70],[33,-158],[4,-76],[71,19],[39,-70],[73,-14],[-13,-115],[-27,-46],[21,-42],[39,-7],[35,-77],[62,-71],[115,67],[34,-85],[60,-54],[68,-18],[58,20],[64,-84],[-26,-48],[-28,-100],[39,-45],[36,2],[20,-82],[46,-19],[167,87],[71,-2],[80,-56],[161,-159],[-10,-113],[27,-21],[62,24],[143,-46],[54,-31],[28,-52],[47,-32],[41,-90],[124,-42],[59,34],[75,-19],[36,-48],[-32,-26],[4,-113],[-68,73],[-75,-28],[-2,-51],[-38,-145],[31,-99],[54,-65],[-9,-39],[-97,-18],[-57,3],[-63,-21],[-38,-34],[-75,-34],[20,-41],[72,1],[-69,-134],[-71,-193],[29,-78],[-4,-121],[-62,-83],[-22,-132],[36,-93],[-102,-99],[-22,-82],[34,-88],[-8,-53],[18,-65],[62,-49],[-32,-98],[-3,-113],[-42,-45],[28,-49],[-18,-26],[-3,-78],[42,-76],[-52,-32],[-37,-49],[-88,-29],[58,-30],[8,-107],[85,-124],[12,-104],[-54,-187],[-95,-171],[-34,-38],[-51,-15],[-25,-55],[99,1],[64,29],[85,64],[53,62],[12,59],[58,90],[19,53],[28,172],[-7,103],[22,92],[0,164],[-13,56],[-53,95],[-54,33],[53,46],[-10,127],[71,106],[78,-69],[88,-36],[119,-97],[96,-127],[193,-178],[7,-62],[96,-93],[19,-33],[-17,-66],[20,-151],[63,-167],[-27,-57],[35,-36],[31,201],[-44,38],[-13,171],[31,82],[7,97],[-48,103],[-54,74],[-173,133],[-87,188],[17,164],[-13,149],[-50,79],[-71,66],[9,68],[34,96],[83,162],[35,87],[79,30],[73,44],[42,2],[75,35],[68,-72],[98,-203],[20,15],[-75,170],[-99,125],[20,132],[82,44],[31,-25],[26,-183],[66,-142],[39,-127],[27,-36],[25,-92],[36,33],[-31,78],[-18,91],[-2,104],[61,-6],[62,-47],[92,-113],[13,9],[-102,147],[-161,107],[-14,27],[29,92],[5,254],[56,-18],[86,-136],[93,-100],[47,-23],[32,-99],[101,-123],[33,28],[-80,91],[-40,116],[-32,50],[-29,92],[10,43],[-64,116],[51,-3],[49,-40],[68,-113],[148,-185],[115,-81],[17,-67],[66,-32],[-46,107],[-93,72],[-55,68],[-22,65],[32,61],[-79,127],[-92,129],[-99,80],[-97,50],[-50,-12],[-20,36],[61,50],[108,31],[90,-57],[128,47],[42,58],[44,-23],[88,43],[124,-19],[-9,32],[80,33],[124,-92],[122,-52],[58,20],[-5,47],[97,1],[67,-27],[119,-3],[70,-18],[124,-78],[79,-91],[71,13],[201,-39],[157,-60],[116,-11],[53,15],[172,7],[31,-26],[63,-9],[167,-58],[152,-6]],[[73185,79682],[-53,-69],[-15,-109],[2,-114],[-24,-32],[-62,41],[16,67],[66,129],[23,145],[10,160],[-31,220],[57,112],[5,47],[71,7],[49,-124],[-40,-66],[-10,-98],[-29,-37],[-3,-152],[-37,-75],[5,-52]],[[77978,91340],[-13,-80],[-44,5],[57,75]],[[73289,80880],[-2,140],[11,69],[44,96],[11,130],[48,86],[66,-14],[-30,-228],[-33,-49],[-25,-86],[-36,-47],[19,-75],[-5,-89],[11,-76],[28,-39],[-73,-73],[-42,-10],[-1,67],[29,96],[-20,102]],[[75604,80861],[-73,89],[85,23],[-19,-57],[7,-55]],[[79479,93225],[-13,34],[44,61],[78,-17],[56,-39],[-10,-67],[34,-94],[-38,-40],[-37,4],[-66,75],[-48,83]],[[79781,93289],[-21,61],[45,16],[23,-53],[-47,-24]],[[83624,95329],[-26,24],[94,87],[92,27],[-7,-44],[-47,-11],[-54,-94],[-52,11]],[[81600,95603],[17,37],[113,10],[84,-23],[-28,-39],[-186,15]],[[78592,94531],[-7,33],[59,79],[126,108],[-103,-144],[-75,-76]],[[78830,94791],[83,103],[49,-33],[-84,-74],[-48,4]],[[83852,95364],[22,47],[61,-15],[-18,-50],[-46,-36],[-19,54]],[[72779,78202],[-31,-82],[14,-94],[39,-65],[55,-153],[41,-42],[-2,-64],[88,-312],[59,-62],[-32,-29],[58,-178],[35,-48],[57,-40],[12,-90],[66,-122],[-22,-126],[51,-54],[157,-31],[-80,-61],[15,-28],[-68,-60],[29,-85],[-6,-66],[23,-85],[65,2],[25,53],[-34,55],[29,48],[48,-28],[-13,-60],[16,-80],[121,-92],[44,-7],[-7,-90],[89,-124],[9,-43],[56,-123],[-39,-60],[40,-51],[-58,-30],[23,-77],[-69,-77],[-18,104],[-70,51],[-61,18],[-70,165],[-41,126],[-88,128],[-110,122],[-223,211],[-70,90],[-69,128],[-36,143],[-103,124],[-118,162],[-30,66],[44,23],[12,101],[-33,48],[-15,83],[-49,61],[-95,249],[-32,35],[-33,125],[-6,92],[35,103],[-3,153],[53,69],[143,137],[66,-72],[160,-18],[-43,-66]],[[76844,76733],[21,-106],[-13,-59],[-50,-3],[-125,49],[-113,179],[5,148],[39,0],[72,42],[132,-74],[32,-176]],[[75806,65475],[-13,116],[80,28],[22,-49],[-43,-40],[-4,-62],[-42,7]],[[75957,65634],[-17,50],[73,22],[26,-36],[-82,-36]],[[83155,98407],[136,154],[35,82],[68,27],[67,79],[59,97],[39,26],[45,89],[64,58],[113,-37],[29,-23],[-31,-71],[3,-38],[71,-122],[-34,-143],[8,-40],[-59,-74],[-50,-130],[3,-22],[-103,-39],[-37,-125],[-24,4],[-61,-53],[-5,-29],[-100,-23],[-23,74],[-54,28],[-108,-4],[-15,-84],[-98,80],[1,92],[58,131],[3,36]],[[89907,99739],[38,51],[33,82],[50,76],[55,42],[81,31],[-49,-144],[-19,-126],[85,45],[-51,-113],[-40,-30],[-33,29],[-94,-34],[-93,8],[37,83]],[[88675,99281],[49,-20],[-33,-47],[-229,-6],[-113,42],[-46,-14],[-8,52],[56,35],[160,52],[-3,-47],[37,-30],[51,8],[44,103],[46,28],[14,-73],[48,40],[81,3],[6,-35],[-80,-20],[-39,7],[-41,-78]],[[88885,98920],[143,22],[50,38],[38,-32],[-49,-77],[-164,-123],[-103,-19],[36,58],[-50,45],[17,70],[82,18]],[[88951,99330],[10,46],[105,80],[53,-2],[72,28],[5,-39],[-92,-70],[-38,-99],[-42,-24],[-54,16],[-47,-20],[-11,71],[39,13]],[[90346,100115],[-183,65],[-20,20],[-132,58],[-56,51],[20,59],[51,-56],[124,-61],[35,-31],[140,-76],[106,-41],[-48,-23],[-37,35]],[[93894,99117],[-3,68],[35,83],[59,-41],[7,-37],[51,-7],[-7,-50],[-45,-63],[-59,14],[-38,33]],[[88945,99923],[-19,-37],[14,-58],[-13,-56],[-88,-47],[-46,77],[38,28],[39,66],[75,27]],[[89161,99328],[86,-25],[-47,-123],[-50,24],[-62,-4],[30,109],[43,19]],[[89739,99683],[48,108],[96,79],[3,-73],[-95,-147],[-52,33]],[[89850,99957],[81,88],[43,-1],[-21,-67],[-66,-90],[-67,-38],[-30,28],[19,52],[41,28]],[[84218,100194],[108,-29],[-13,-46],[-95,75]],[[91005,99191],[-39,-52],[-37,46],[76,6]],[[83168,97920],[-5,76],[57,-11],[-52,-65]],[[85674,97799],[40,67],[44,-14],[4,-68],[-88,15]],[[97450,100497],[1,39],[93,17],[-30,-54],[-64,-2]],[[83175,97696],[-28,91],[25,4],[49,-73],[-46,-22]],[[88165,99046],[59,27],[10,-53],[-69,26]],[[84142,50406],[73,-37],[-28,-42],[-152,-15],[-44,13],[-85,-28],[-51,25],[73,76],[80,36],[134,-28]],[[84720,49539],[-43,100],[1,71],[32,3],[43,-71],[-11,-48],[41,-100],[53,-58],[-38,-43],[32,-51],[-60,-9],[-47,148],[-3,58]],[[97269,37795],[-19,35],[-87,70],[82,15],[133,-70],[-44,-69],[-65,19]],[[114233,41221],[5,63],[38,24],[42,-123],[-32,-9],[-12,-70],[-50,12],[9,103]],[[113208,41700],[-44,-71],[-35,42],[79,29]],[[120095,113529],[-15,182],[60,3],[9,-139],[-54,-46]],[[119562,113359],[-60,5],[-53,50],[41,16],[72,-71]],[[120699,114564],[-54,32],[5,38],[55,23],[23,-74],[-29,-19]],[[118583,41298],[-14,35],[-96,4],[-46,-27],[-59,15],[73,88],[33,-25],[93,12],[54,-86],[-38,-16]],[[119294,116535],[-13,58],[-52,91],[35,36],[99,-132],[56,-47],[-3,-68],[-37,-16],[-85,78]],[[119796,116337],[-61,31],[63,29],[61,3],[39,-35],[45,12],[55,59],[40,-12],[-10,-62],[-96,-71],[-136,46]],[[119209,117215],[67,-7],[3,-39],[-60,-23],[-10,69]],[[119401,116781],[-33,41],[31,24],[51,-7],[8,-67],[-57,9]],[[119718,118040],[-43,67],[50,33],[62,-8],[65,-54],[9,-69],[49,-22],[-42,-58],[67,-37],[-54,-74],[-64,101],[-30,105],[-69,16]],[[118567,117370],[39,-22],[-34,-83],[-77,-82],[-82,30],[50,62],[-31,105],[135,-10]],[[121742,117851],[-35,23],[-15,64],[-68,23],[18,57],[129,-99],[114,-67],[-32,-22],[-111,21]],[[123240,117429],[55,-25],[3,-70],[-67,-20],[-73,92],[7,97],[75,-74]],[[121334,117884],[-39,28],[3,81],[83,21],[34,-35],[-81,-95]],[[122625,117935],[-32,28],[44,56],[48,10],[116,-68],[-106,6],[-70,-32]],[[124705,117554],[35,21],[144,0],[122,-19],[1,-19],[-123,8],[-132,-1],[-47,10]],[[125351,117406],[-101,16],[90,74],[26,-11],[27,-67],[-42,-12]],[[121605,117810],[-58,55],[-34,68],[85,-27],[42,-57],[-35,-39]],[[119230,117556],[-60,-54],[-20,88],[36,17],[44,-51]],[[118659,117296],[-19,-43],[-66,-33],[23,87],[62,-11]],[[121602,118187],[49,-48],[-58,-37],[-21,48],[30,37]],[[125263,117476],[-85,36],[72,30],[64,-33],[-51,-33]],[[119630,117847],[2,70],[73,-20],[-75,-50]],[[124417,121681],[-80,-4],[-17,-31],[26,-42],[-80,-6],[37,113],[-47,13],[-35,51],[11,38],[49,-5],[38,118],[82,35],[-32,99],[52,64],[151,50],[85,81],[51,-68],[-16,-32],[16,-60],[-42,-77],[35,-60],[58,39],[33,-33],[9,-79],[-17,-36],[97,9],[9,-39],[56,-48],[22,-47],[-15,-63],[74,-33],[69,-11],[-138,-71],[-26,-39],[-43,19],[-165,-91],[-94,-22],[-69,-2],[-57,49],[-49,-1],[50,83],[51,-11],[94,111],[-37,26],[1,64],[-121,-40],[-58,-80],[-31,32],[13,37]],[[123853,121948],[-89,-11],[-69,66],[32,60],[126,42],[64,6],[33,-21],[74,66],[41,73],[89,-3],[51,-46],[-30,-85],[60,-65],[-103,-70],[-78,13],[2,38],[-58,37],[-34,-58],[-28,-1],[-12,-70],[-71,29]],[[125788,122312],[21,30],[50,-50],[54,20],[66,-37],[28,-42],[-38,-79],[-153,-82],[-30,-36],[-78,63],[23,52],[-15,63],[36,16],[36,82]],[[121104,118376],[-32,3],[-82,71],[-124,68],[-76,30],[45,39],[134,-34],[62,-31],[121,-20],[80,-63],[-27,-43],[-64,9],[-37,-29]],[[124787,119251],[-44,7],[-58,-26],[-63,-52],[-79,13],[67,122],[126,60],[-5,49],[86,-22],[12,-61],[-38,-49],[-4,-41]],[[123420,122072],[20,-53],[-38,-31],[-71,8],[-30,25],[-108,-59],[6,94],[77,20],[120,56],[24,-60]],[[123027,119381],[47,-15],[-2,-50],[24,-69],[32,-15],[74,12],[-5,-81],[-139,28],[-64,146],[33,44]],[[122470,118575],[8,118],[102,-39],[26,-28],[-23,-81],[-43,-5],[-70,35]],[[120123,118612],[-15,59],[-58,-9],[-37,40],[7,73],[56,16],[60,-44],[-10,-61],[37,-56],[-40,-18]],[[124181,119197],[14,29],[-15,78],[26,38],[-10,43],[31,64],[33,-62],[1,-72],[-80,-118]],[[123813,121712],[-15,-90],[-85,61],[-22,37],[49,64],[63,-24],[10,-48]],[[123525,121815],[24,43],[64,55],[32,5],[57,71],[24,-85],[-128,-71],[-73,-18]],[[122580,118423],[-34,-85],[-72,49],[-9,42],[115,-6]],[[120349,118662],[24,16],[93,-51],[-44,-29],[-86,45],[13,19]],[[119984,118926],[103,-63],[-39,-32],[-64,95]],[[119459,118464],[-52,33],[53,43],[57,-21],[-58,-55]],[[119154,118347],[4,39],[55,14],[12,-44],[-33,-35],[-38,26]],[[121167,118268],[103,-44],[25,-42],[-78,0],[-50,86]],[[119944,118360],[15,57],[63,-16],[-11,-59],[-67,18]],[[124907,122117],[18,39],[86,3],[-56,-72],[-48,30]],[[119611,118348],[103,21],[14,-62],[-110,20],[-7,21]],[[123184,119326],[-44,-41],[-33,41],[5,65],[72,-65]],[[120236,118359],[13,46],[68,13],[-28,-75],[-53,16]],[[125756,122377],[-42,23],[35,58],[34,-55],[-27,-26]],[[124877,121392],[-6,80],[56,7],[-11,-64],[-39,-23]],[[125660,123264],[6,-74],[-44,17],[38,57]],[[124422,122381],[-29,40],[51,28],[30,-42],[-52,-26]],[[126048,123233],[-54,-35],[-38,35],[62,51],[30,-51]],[[124983,119879],[56,58],[29,-34],[-85,-24]],[[125504,123540],[65,35],[9,-52],[-74,17]],[[126434,121766],[0,51],[108,57],[-7,-51],[-101,-57]],[[126751,121944],[60,-23],[-91,-194],[-88,-8],[-27,54],[64,66],[82,105]],[[140702,122658],[-36,62],[-24,90],[4,39],[46,73],[-12,37],[25,124],[-25,42],[31,32],[74,-29],[44,-42],[-6,-58],[41,-114],[167,-146],[6,-47],[-34,-88],[6,-132],[-107,75],[-87,44],[-113,38]],[[127446,123116],[-9,-63],[44,-9],[79,20],[110,-11],[11,-82],[-61,-89],[-130,-79],[-73,16],[-22,68],[41,26],[-25,73],[-40,17],[-1,41],[-40,15],[-10,58],[19,49],[54,41],[35,-24],[18,-67]],[[126248,123241],[27,47],[-87,22],[31,43],[42,1],[14,66],[-69,-35],[-107,15],[77,99],[14,-59],[98,20],[13,71],[-38,104],[39,23],[20,-75],[50,-57],[-4,-102],[21,-44],[-49,-59],[122,-127],[-49,-51],[-165,98]],[[126487,122977],[-18,62],[40,113],[35,6],[36,-64],[-51,-117],[-42,0]],[[140980,122455],[-7,-31],[-157,134],[58,-4],[96,-65],[10,-34]],[[126388,123024],[9,62],[41,59],[39,-3],[-50,-121],[-39,3]],[[127761,122926],[-46,38],[46,34],[30,-33],[-30,-39]],[[140593,122594],[48,-9],[-27,-75],[-42,-14],[21,98]],[[128670,122731],[125,12],[-5,-57],[-62,41],[-58,4]],[[128223,122997],[42,27],[29,-35],[-39,-26],[-32,34]],[[142130,123782],[24,42],[74,-57],[27,-64],[-29,-63],[-59,66],[-37,76]],[[141492,124400],[-36,71],[63,-5],[98,-71],[-91,-45],[-34,50]],[[127679,123353],[44,79],[51,31],[12,-50],[-54,-78],[-53,18]],[[127525,123568],[56,-21],[-25,-71],[-55,47],[24,45]],[[127251,124849],[-7,45],[-52,21],[-90,-8],[-25,83],[14,36],[-14,85],[25,81],[-24,63],[102,5],[8,-29],[91,35],[18,38],[-53,49],[-25,68],[-34,32],[21,80],[76,62],[87,10],[-31,72],[61,29],[51,-24],[60,-109],[37,-4],[68,-81],[-16,-85],[-74,-187],[41,-65],[-6,-56],[46,-71],[-60,-31],[-34,32],[-68,-109],[-39,50],[-83,-78],[11,-51],[-30,-30],[-52,42]],[[131182,126413],[-22,-81],[110,-27],[67,-45],[15,-44],[-18,-40],[-87,38],[-8,-88],[-96,32],[-32,26],[13,74],[-49,21],[32,48],[-27,52],[102,34]],[[129873,125576],[2,100],[35,111],[-15,37],[40,48],[77,-15],[24,-46],[-61,-35],[44,-70],[0,-86],[-61,-42],[-85,-2]],[[129031,125785],[66,-141],[-22,-67],[66,-4],[1,-58],[-121,7],[-25,40],[5,56],[-57,56],[19,61],[68,50]],[[127767,124953],[24,-45],[58,-43],[-59,-33],[-57,49],[-35,-14],[-5,-49],[-43,-28],[-84,34],[125,126],[56,36],[20,-33]],[[130917,126178],[15,47],[38,11],[21,-79],[-28,-40],[-17,-99],[-54,-63],[-32,5],[-20,55],[51,78],[26,85]],[[139410,125632],[49,50],[10,68],[47,21],[43,-30],[8,-87],[-52,-20],[-51,-68],[-54,66]],[[128679,125488],[15,66],[104,-52],[48,24],[0,-68],[-71,-32],[-96,62]],[[131181,126612],[43,45],[101,-27],[-17,-37],[-136,-35],[9,54]],[[126611,125353],[-57,28],[24,107],[36,21],[33,-103],[-36,-53]],[[131121,126008],[-89,-61],[-21,13],[26,73],[61,42],[23,-67]],[[127889,125100],[-66,9],[24,42],[47,17],[-5,-68]],[[126550,125700],[-12,65],[48,11],[39,-67],[-75,-9]],[[127948,126431],[94,13],[-39,-76],[-50,16],[-5,47]],[[127599,126273],[41,121],[32,-79],[-73,-42]],[[133733,126714],[45,21],[28,-40],[-63,-15],[-10,34]],[[127854,125558],[-66,46],[55,28],[11,-74]],[[139283,126003],[-24,73],[64,-5],[-4,-41],[-36,-27]],[[131072,125707],[6,43],[48,6],[12,-47],[-66,-2]],[[129933,126796],[-38,43],[34,35],[37,-14],[-33,-64]],[[131116,126243],[-52,-68],[-28,40],[80,28]],[[133568,128063],[-17,-44],[-47,26],[-55,-23],[-50,88],[34,73],[44,14],[39,-30],[92,7],[129,-65],[41,7],[45,-47],[43,27],[49,-50],[-43,-52],[-59,65],[-127,-6],[-71,17],[-47,-7]],[[135028,127741],[-98,39],[-103,-14],[23,71],[133,-32],[49,-26],[35,14],[60,-59],[31,-75],[-47,-4],[-12,71],[-71,15]],[[132819,127626],[-48,72],[62,34],[36,-35],[87,-27],[-43,-86],[-44,-10],[-50,52]],[[131871,127777],[-29,16],[57,58],[26,61],[69,23],[23,-37],[-75,-51],[-71,-70]],[[132529,127931],[56,-62],[-45,-74],[-54,30],[43,106]],[[132505,127948],[-3,82],[55,14],[4,-58],[-56,-38]],[[132522,128099],[-11,67],[50,-10],[15,-47],[-54,-10]],[[129802,127005],[-21,22],[-6,102],[37,-4],[6,-83],[-16,-37]],[[132366,127921],[83,-31],[-29,-35],[-54,66]],[[132214,126928],[-31,55],[54,3],[-23,-58]],[[212251,15760],[-14,-40],[-81,-57],[-109,-40],[-64,6],[-87,-74],[-54,26],[-133,-78],[-35,-48],[40,-39],[-26,-39],[-106,99],[18,54],[-100,3],[-37,34],[10,66],[-25,73],[-55,77],[104,1],[37,35],[-19,130],[28,46],[-29,61],[17,56],[-45,80],[-109,96],[-44,17],[-40,79],[-4,86],[53,37],[-15,53],[75,106],[31,109],[-30,63],[21,70],[-66,163],[18,106],[-37,43],[13,72],[68,2],[47,42],[82,17],[89,69],[64,79],[34,102],[-14,79],[-29,34],[8,85],[103,55],[37,-28],[165,-68],[42,15],[41,-47],[173,-71],[105,-98],[152,-88],[5,-37],[-41,-252],[15,-175],[33,-96],[73,-95],[-14,-62],[-85,-140],[-4,-97],[29,-96],[109,-46],[12,-40],[-31,-127],[5,-65],[-68,-114],[-6,-56],[-68,-46],[10,-71],[-151,-29],[-29,-47],[-62,-20]],[[229503,17377],[191,18],[41,-42],[-30,-31],[-132,-5],[-53,13],[-17,47]],[[229854,17516],[171,71],[25,-41],[-84,-51],[-112,21]],[[229003,15939],[31,-62],[-64,-60],[-54,-91],[21,-30],[-26,-52],[-93,-30],[-46,46],[111,61],[-8,51],[56,73],[15,83],[57,11]],[[216178,13545],[53,-51],[66,-106],[-74,0],[-59,31],[14,126]],[[229287,14773],[125,2],[17,-34],[82,11],[76,35],[-26,-107],[-90,-28],[-68,27],[-48,-13],[-8,73],[-60,34]],[[226942,18214],[-35,126],[51,63],[80,6],[19,-45],[54,-1],[8,-86],[-177,-63]],[[226737,18321],[88,50],[-33,27],[7,59],[61,0],[-20,-137],[-51,-41],[-52,42]],[[231302,14880],[27,64],[82,-39],[39,-71],[-69,-40],[-90,15],[11,71]],[[231119,14961],[-90,58],[127,-5],[46,-62],[-83,9]],[[229621,14855],[12,50],[75,36],[15,-58],[-46,-43],[-56,15]],[[230105,14263],[-149,-20],[-15,132],[72,62],[28,-7],[109,69],[90,28],[30,-19],[90,72],[136,-5],[80,26],[166,-41],[84,12],[51,-38],[53,38],[53,99],[38,-30],[148,-36],[55,15],[53,61],[82,-9],[122,81],[80,-5],[31,-59],[42,-19],[20,-61],[75,-43],[139,-118],[45,9],[67,-29],[36,-47],[6,-69],[82,-103],[66,-24],[-37,-34],[-119,26],[-77,-51],[23,-37],[-99,-23],[-114,-73],[-80,4],[-109,-56],[-35,29],[-7,81],[-89,143],[-27,18],[-85,-24],[-25,26],[-105,-62],[-57,-52],[-103,-49],[-94,105],[-78,13],[-28,-29],[-175,-34],[-93,58],[-34,-30],[-109,-14],[-38,-21],[-164,26],[-1,59],[-97,24],[-9,55]],[[230526,13851],[68,45],[191,19],[51,32],[63,-12],[41,-45],[69,39],[19,39],[83,30],[2,-80],[-57,-29],[-25,-94],[31,-26],[-51,-57],[-66,-37],[-76,-88],[7,-35],[-71,-46],[-135,118],[-105,-12],[-51,17],[35,113],[-107,13],[7,39],[77,57]],[[215785,14144],[32,34],[101,19],[78,64],[-33,61],[32,52],[67,7],[67,-28],[74,8],[55,-17],[65,25],[28,-59],[-19,-39],[56,-50],[-92,-43],[4,-74],[-97,-70],[-116,-54],[-44,-3],[-95,51],[-64,12],[-29,67],[-70,37]],[[230304,4574],[-37,62],[-78,-3],[-62,-31],[-50,15],[98,66],[-41,106],[75,61],[99,170],[54,-9],[45,-53],[138,0],[74,-98],[-3,-67],[102,-115],[-51,-41],[-88,-24],[-71,24],[-129,-5],[-68,-70],[59,-32],[61,-89],[-6,-63],[-115,-26],[-115,6],[-82,-69],[-54,49],[99,130],[22,66],[76,-9],[48,49]],[[231331,6039],[-82,36],[-109,-17],[-70,47],[-4,47],[79,57],[141,-25],[42,32],[102,-52],[-12,-54],[51,-40],[25,-69],[-107,-6],[-56,44]],[[229572,16115],[14,42],[-24,114],[-87,145],[-98,74],[-109,-17],[-142,-64],[-40,58],[-160,55],[-52,67],[104,46],[26,60],[45,-7],[109,76],[59,-18],[93,25],[24,38],[-40,68],[73,33],[52,56],[-19,66],[-61,42],[-13,48],[67,12],[66,-61],[59,17],[63,49],[60,8],[69,51],[28,46],[75,-26],[-6,-74],[29,-76],[201,-72],[172,-180],[230,-196],[212,-218],[112,-82],[88,-45],[80,5],[155,-63],[116,-28],[90,13],[-33,-223],[30,-141],[2,-79],[-61,-84],[-154,-60],[-66,-76],[137,-23],[176,58],[85,-214],[28,-93],[69,-115],[-93,-54],[-134,-40],[-53,7],[3,54],[-67,32],[-211,-4],[-96,-68],[17,-27],[-37,-75],[-77,-11],[-41,-44],[-128,-16],[-43,-28],[-106,49],[-45,-6],[-137,67],[-45,-8],[-22,78],[-49,2],[-28,47],[79,51],[-10,52],[-93,100],[-13,34],[5,119],[-42,132],[-47,6],[-37,56],[-150,48],[-12,54],[-63,127],[-97,37],[-114,-17],[-50,41],[-80,24],[37,41],[53,-7],[55,45],[38,65]],[[231435,16254],[50,88],[82,-85],[-27,-28],[-105,25]],[[228809,2779],[-69,-26],[-144,-16],[-76,66],[-87,16],[-102,47],[-20,71],[20,72],[-41,132],[41,44],[121,21],[55,-28],[71,54],[5,54],[-67,51],[32,22],[-45,80],[59,19],[93,-43],[1,-38],[117,17],[18,-92],[-28,-60],[-43,-29],[-29,-65],[103,-75],[66,10],[18,-92],[46,-2],[62,-46],[150,31],[6,-31],[146,-26],[22,26],[-43,58],[123,24],[35,46],[118,9],[-123,50],[-36,-14],[-101,44],[27,92],[-91,27],[24,47],[88,28],[-9,67],[-136,70],[23,33],[-31,105],[168,20],[138,-20],[94,7],[-4,45],[-137,32],[0,52],[81,88],[55,0],[86,-44],[9,-63],[73,-43],[75,25],[14,-57],[54,6],[115,-133],[-15,-63],[-39,-33],[13,-66],[44,-51],[-103,-82],[-66,-3],[-42,-77],[-113,-53],[10,-68],[106,-44],[3,-96],[107,-242],[-104,-75],[56,-23],[71,27],[92,-39],[-89,-50],[-17,-51],[-66,-64],[9,-60],[148,-92],[-54,-21],[-112,34],[-62,0],[-16,88],[-88,-8],[-39,31],[-99,6],[-7,171],[-25,25],[-4,80],[-71,-30],[-34,41],[-61,-11],[32,-92],[-51,-41],[72,-42],[-39,-72],[84,-37],[-23,-77],[-106,86],[-109,-76],[-66,-23],[-23,-51],[6,-65],[-88,30],[-15,72],[-63,33],[-91,14],[-147,56],[-73,100],[30,35],[-53,90],[63,68],[122,-13],[39,68],[-24,71]],[[226564,1625],[-54,93],[86,54],[5,79],[58,44],[70,15],[0,75],[68,51],[53,-31],[39,-88],[44,-6],[77,45],[96,99],[5,123],[-47,52],[92,50],[43,-25],[49,79],[-40,85],[-73,1],[-147,28],[-52,-31],[-147,25],[43,55],[-24,65],[97,32],[88,-24],[75,55],[-4,31],[-155,14],[70,141],[58,19],[78,74],[48,-35],[-26,-56],[96,-80],[79,-101],[-28,-43],[-3,-118],[89,-72],[-13,-82],[66,-22],[33,-80],[-8,-114],[-60,41],[-114,-18],[-107,-48],[-73,-48],[-107,-108],[-36,-76],[19,-41],[-10,-120],[44,-66],[70,-22],[86,79],[57,-47],[-3,-125],[-73,-15],[-64,-49],[-47,-77],[22,-36],[-72,-78],[-29,-108],[30,-95],[-116,-58],[-97,27],[-74,70],[-70,-23],[-28,59],[5,53],[58,49],[-43,66],[-126,16],[108,47],[-5,42],[-61,15],[-109,-24],[-17,-79],[16,-51],[-98,-178],[-120,25],[-86,-4],[2,115],[-73,47],[-21,43],[-80,26],[-23,49],[60,36],[55,-9],[161,-195],[38,-26],[86,37],[-28,80],[2,184],[50,42],[-27,54],[33,55],[59,-42],[-1,-50],[85,21],[3,46],[65,16]],[[222569,652],[135,1],[3,-44],[-75,-36],[-66,5],[-33,55],[36,19]],[[222253,443],[50,-63],[-79,-29],[29,92]],[[215932,12944],[30,70],[-10,130],[136,87],[37,38],[38,96],[74,-54],[29,-58],[135,-1],[47,-52],[141,-75],[134,-33],[88,-96],[-86,-25],[-75,51],[-131,-26],[-100,18],[-89,-42],[-85,-62],[-79,16],[-58,-42],[-112,10],[-64,50]],[[216717,12800],[38,16],[135,-114],[68,-26],[27,-40],[-109,3],[-135,48],[-38,46],[14,67]],[[215565,14331],[27,-71],[-19,-36],[18,-229],[-26,-84],[13,-35],[-48,-95],[-34,-19],[-8,-88],[30,-93],[-39,-91],[-46,-39],[-96,55],[-50,97],[37,87],[-29,49],[-70,239],[89,-26],[113,15],[69,83],[-27,57],[43,119],[52,53],[1,52]],[[226668,2719],[63,-34],[-14,-33],[-85,-8],[-2,-68],[-45,-60],[40,-50],[-38,-49],[60,-52],[34,-115],[-23,-96],[-60,-64],[-8,-52],[-60,-57],[-52,-12],[-148,21],[-65,-29],[-71,31],[-44,45],[7,67],[-93,31],[-101,-15],[-41,113],[107,43],[-100,122],[6,54],[-63,-2],[28,-96],[-65,-40],[-6,-56],[-72,-27],[-40,32],[-76,13],[-84,85],[-95,3],[48,148],[-12,32],[48,50],[42,95],[23,98],[36,41],[66,134],[-66,-33],[-42,-86],[-176,-231],[-4,-116],[-30,-45],[-14,-143],[115,-23],[44,-54],[213,-118],[52,-10],[6,-48],[45,-41],[94,-39],[0,-30],[-86,-36],[-43,-123],[-121,50],[-172,-50],[219,-143],[-9,-69],[-84,-62],[-36,-97],[-51,-44],[63,-65],[-227,16],[-112,-64],[-72,95],[-34,-58],[96,-62],[61,18],[154,-58],[0,-77],[-55,-30],[-22,72],[-162,-31],[-33,-56],[54,-90],[113,91],[20,-15],[-99,-66],[-6,-94],[-160,-16],[-74,52],[-53,-54],[-16,-79],[22,-126],[97,44],[47,-34],[-11,-78],[-261,-141],[-119,-5],[-13,62],[-75,52],[-64,18],[-147,-24],[-22,-23],[-88,14],[-92,-75],[-124,14],[-54,119],[-148,2],[26,56],[-99,24],[-79,65],[-63,-20],[-29,39],[36,29],[-141,116],[-4,101],[16,73],[-71,78],[-60,-44],[16,-156],[51,-27],[11,-55],[-107,34],[-43,-33],[-117,25],[-83,-70],[-52,16],[-77,-21],[-79,21],[-138,7],[-100,24],[-58,-16],[-38,60],[-96,23],[-88,-28],[-42,-65],[-118,-35],[-66,68],[-43,10],[31,68],[-3,50],[-103,39],[-184,-1],[21,-55],[-22,-41],[16,-59],[-58,-55],[-70,32],[-33,90],[-61,-25],[-29,64],[-63,-9],[16,-64],[-55,0],[-55,-34],[-60,-2],[-5,-70],[-40,-53],[-45,63],[-57,-12],[-16,-47],[-159,16],[27,182],[-66,85],[18,88],[-91,82],[-56,75],[-28,111],[-91,6],[10,52],[-132,86],[34,55],[79,-44],[19,88],[55,85],[71,-67],[209,-9],[106,-46],[28,-54],[55,25],[-99,47],[145,32],[129,-41],[-17,-77],[31,-36],[65,15],[38,-58],[47,57],[-29,64],[98,15],[107,-15],[13,-51],[73,-1],[11,86],[-17,117],[-69,-8],[-51,55],[-116,-7],[20,90],[-31,29],[-74,-45],[20,-39],[-69,-46],[-24,-102],[-100,-14],[-168,66],[-52,118],[-59,9],[-13,-74],[-85,-90],[-120,34],[4,63],[-84,-15],[-18,78],[-94,44],[15,67],[44,39],[-13,49],[20,98],[-37,29],[-93,-5],[-44,35],[-39,73],[-63,-24],[65,-118],[-8,-41],[-95,-10],[-30,-58],[-119,21],[-38,-63],[75,-71],[82,43],[40,62],[72,-9],[-13,-118],[-109,-31],[-4,-37],[-90,-8],[-39,-37],[-81,67],[-98,105],[-49,7],[10,91],[-48,51],[-29,122],[15,39],[-67,34],[-35,58],[-103,-16],[-20,81],[-63,123],[-61,17],[-6,64],[24,43],[-47,22],[-87,-43],[-60,53],[-106,52],[56,21],[-31,42],[64,57],[6,52],[-128,46],[-81,51],[4,30],[-135,70],[-84,147],[-134,16],[-131,-52],[-143,18],[-27,172],[-97,139],[-63,5],[-67,95],[-63,141],[-49,208],[-71,107],[-37,4],[-68,79],[57,135],[-58,23],[-11,70],[-50,64],[3,136],[-76,28],[-77,-7],[14,87],[-143,57],[-72,-37],[-80,-5],[-30,72],[79,-10],[87,68],[6,120],[-107,33],[13,45],[-95,127],[6,83],[-74,74],[-39,66],[75,84],[-2,55],[-71,91],[5,97],[-55,44],[18,39],[-27,88],[-121,121],[1,65],[74,64],[5,63],[-42,127],[-65,39],[15,65],[-33,31],[15,60],[-64,0],[8,61],[94,-20],[17,-42],[57,-17],[45,-69],[-16,-62],[51,-4],[24,-89],[75,-14],[-8,-88],[61,-15],[60,40],[48,-6],[11,-55],[61,0],[18,-106],[92,-42],[5,-36],[84,-15],[71,-58],[141,-82],[53,18],[96,-49],[54,-83],[41,-17],[-22,-141],[48,-69],[37,-140],[-18,-60],[25,-86],[60,-22],[-38,108],[35,108],[-35,51],[-6,57],[-58,68],[152,53],[15,-31],[80,-21],[56,47],[90,140],[-2,63],[53,64],[-43,37],[-66,-45],[-60,51],[-8,50],[-77,38],[-102,-74],[-45,6],[-19,99],[-139,40],[-28,89],[-103,56],[-103,112],[-63,31],[-21,63],[42,21],[-8,84],[-104,2],[58,65],[3,64],[-54,36],[-154,44],[23,-62],[-111,-25],[-116,-100],[90,-43],[8,-63],[-98,-22],[-84,48],[-84,-3],[-31,29],[131,125],[35,89],[20,158],[-38,230],[-116,257],[-72,128],[-122,187],[-62,55],[-77,23],[-157,111],[-6,35],[-59,51],[-95,45],[-71,67],[-11,64],[-163,131],[-36,5],[-75,90],[-14,73],[-42,22],[-17,57],[-95,93],[-98,43],[-58,-33],[-80,65],[-27,96],[68,41],[-18,45],[-64,44],[-13,109],[-72,175],[-59,91],[-185,247],[-93,91],[-132,193],[-89,65],[-76,32],[30,46],[74,2],[48,62],[-33,156],[-74,94],[-72,39],[-35,97],[-61,21],[-53,178],[-51,33],[-62,76],[49,126],[-17,78],[-81,121],[32,68],[-44,30],[29,142],[-4,58],[-71,158],[-93,50],[-68,76],[-34,63],[63,37],[-7,86],[15,95],[-83,96],[71,28],[10,30],[78,12],[40,67],[84,-24],[41,18],[78,114],[44,110],[-5,83],[-49,38],[-17,60],[39,67],[-38,54],[45,29],[-2,100],[-93,25],[-2,93],[-33,34],[86,124],[-58,42],[34,66],[161,32],[60,-65],[-31,-60],[32,-51],[116,-11],[19,-29],[148,-32],[43,-38],[61,20],[49,-15],[40,-75],[151,-46],[108,-3],[58,-22],[83,-1],[151,23],[39,30],[73,-52],[14,-49],[86,-90],[158,4],[70,-84],[99,-28],[63,8],[79,-111],[43,75],[131,20],[-106,63],[153,-16],[118,1],[133,22],[142,-28],[38,72],[-14,52],[25,75],[-81,159],[78,-25],[61,-48],[62,-3],[-10,-57],[53,-35],[-76,-24],[-70,-100],[-18,-92],[100,-47],[32,18],[56,-62],[130,-75],[120,-9],[72,10],[84,-23],[120,-54],[76,-14],[117,1],[129,48],[94,-63],[13,-62],[98,-58],[69,-61],[85,11],[76,-46],[76,-3],[51,-35],[122,-29],[138,6],[224,-40],[-36,-90],[82,-91],[116,-29],[74,-81],[151,-77],[147,-29],[116,9],[34,-27],[113,-18],[12,-50],[120,-29],[75,15],[195,-59],[46,-39],[178,-69],[67,-3],[60,-52],[188,-24],[49,-64],[129,-24],[37,-40],[150,-5],[146,-32],[101,33],[88,-29],[124,-5],[93,24],[30,-29],[117,-3],[48,-134],[-11,-67],[30,-79],[46,33],[-37,56],[-35,122],[61,37],[59,-17],[149,45],[169,9],[138,48],[154,81],[76,15],[-12,-121],[65,-30],[57,-68],[12,-45],[-41,-38],[59,-98],[81,11],[-47,122],[-12,143],[-62,-34],[-6,68],[59,-2],[131,35],[117,68],[64,62],[-26,50],[63,22],[80,-35],[102,49],[101,84],[139,-62],[51,27],[62,-17],[99,-99],[-2,-49],[62,-6],[1,-87],[59,-49],[-8,-85],[61,-18],[-12,-58],[57,4],[-5,46],[101,50],[48,61],[204,-86],[25,-38],[-84,-44],[15,-47],[-58,-35],[149,-101],[4,-44],[75,-81],[73,-10],[48,-42],[-4,-65],[-40,-35],[24,-66],[55,-34],[85,-7],[27,-43],[83,-60],[75,-2],[65,45],[78,-38],[-38,-54],[26,-48],[-5,-61],[24,-39],[72,-35],[-23,103],[-48,36],[-20,55],[29,52],[-43,45],[-103,-22],[-24,69],[-77,22],[-122,-4],[-96,32],[2,44],[165,95],[-51,33],[-64,83],[-95,52],[-103,37],[-9,88],[-97,-50],[-28,57],[55,12],[-17,70],[98,49],[-78,45],[-203,146],[-114,-31],[-69,0],[-114,64],[-10,129],[-50,68],[6,62],[66,37],[29,44],[58,17],[191,90],[29,-35],[120,-10],[159,25],[180,132],[144,54],[42,-40],[92,18],[91,-58],[195,21],[31,-35],[125,-43],[56,24],[59,-8],[195,75],[62,51],[74,100],[136,64],[13,-39],[95,-29],[69,13],[118,63],[41,-58],[20,-82],[117,-39],[48,-100],[92,-8],[111,16],[221,101],[155,122],[213,234],[138,211],[106,10],[110,47],[45,39],[122,-61],[30,-53],[66,-43],[76,-2],[77,21],[178,-97],[235,-31],[219,71],[28,44],[130,119],[126,175],[-10,57],[39,14],[24,78],[-42,25],[102,40],[175,-17],[39,-35],[54,12],[38,-96],[188,1],[82,-64],[75,-116],[-15,-67],[179,-31],[81,-4],[59,33],[137,-64],[20,-82],[72,-87],[105,-24],[38,-46],[27,-81],[88,-77],[36,-13],[21,-101],[52,-68],[98,-57],[-82,-58],[-104,-113],[-100,-1],[-73,-49],[102,-28],[49,-44],[-22,-99],[-75,-127],[-6,-128],[64,-97],[-69,-65],[14,-96],[42,-35],[7,-60],[71,-98],[134,7],[40,-25],[-21,-72],[-105,-75],[11,-43],[-93,-25],[16,93],[-69,8],[-40,-118],[19,-37],[-73,-30],[15,-66],[49,3],[82,60],[75,29],[15,46],[58,41],[58,69],[66,29],[29,-31],[-92,-52],[-48,-52],[-60,-168],[-83,-111],[-25,-117],[-56,-100],[0,-54],[-41,-79],[-8,-153],[37,-62],[51,-212],[61,-26],[69,-59],[23,-211],[-21,-54],[-99,-104],[-20,-113],[27,-35],[-49,-111],[24,-71],[66,-56],[-68,-16],[-80,-129],[-29,-85],[13,-148],[29,-66],[59,-61],[106,-32],[-31,-76],[88,-112],[-77,-61],[-19,-73],[34,-55],[-73,-44],[-44,-139],[-1,-130],[67,-100],[50,2],[34,-88],[34,-24],[15,-73],[56,-12],[14,-88],[-107,-57],[18,-41],[-52,-62],[21,-39],[132,-53],[42,-48],[-58,-82],[15,-50],[-65,-19],[-38,-49],[-12,-104],[-27,-50],[-73,-30],[-51,104],[-114,18],[-33,28],[-15,72],[63,11],[53,89],[68,69],[-62,79],[-76,22],[1,31],[67,61],[95,27],[-13,68],[-119,52],[-78,-10],[-64,76],[22,24],[-147,60],[-35,46],[-62,-48],[-130,9],[-6,46],[71,92],[97,33],[92,2],[138,163],[-5,35],[-66,21],[-52,-74],[-93,-82],[-107,51],[-31,55],[-99,-88],[19,-74],[58,-18],[15,-60],[-57,-44],[-100,6],[-31,-27],[19,-56],[105,25],[69,-44],[77,12],[127,-13],[85,-27],[3,-36],[-156,25],[-138,10],[-169,-2],[-175,-37],[-76,-62],[24,-70],[6,-132],[-56,-129],[-102,-48],[-5,-27],[-131,-129],[-1,-42],[63,-41],[-56,-40],[4,-74],[-59,-56],[-7,-44],[-73,-4],[-61,-50],[-4,-50],[-78,-15],[39,-39],[64,40],[10,43],[98,49],[66,-25],[45,-93],[-66,-89],[-4,-41],[-91,-70],[-35,-77],[63,-64],[4,-55],[65,-29],[-12,-71],[-49,-78],[2,-109],[62,-34],[-71,-66],[-51,37],[-70,-20],[-44,-47],[-15,-82],[-103,5],[-9,81],[-72,63],[-71,-23],[65,-45],[1,-71],[-111,15],[-44,-31],[12,-61],[117,-11],[46,-90],[83,-57],[12,-96],[-26,-34],[100,-47],[-7,-72],[42,-34],[-24,-67],[-56,-27],[-30,-46],[40,-31],[-5,-73],[-51,-44],[-157,-32],[-79,-85],[-37,-76],[-22,-125],[-70,-116],[-44,-35],[-68,-95],[-7,-54],[-56,-35],[-237,-57],[-145,38],[-34,28],[-80,-34],[-42,14],[-67,-39],[-100,61],[-77,-10],[-13,64],[-124,33],[50,100],[-59,39],[-52,86],[5,76],[-72,-13],[-141,57],[-85,18],[-87,-8],[-117,-83],[-141,83],[-82,15],[49,-85],[54,-42],[71,-15],[5,-45],[57,-24],[61,42],[89,-39],[245,14],[67,-15],[-11,-43],[-83,5],[-124,-22],[-124,-54],[-57,-51],[37,-40],[-74,-136],[27,-41],[134,-60],[26,-44],[-9,-68],[-59,24],[-56,-57],[63,-84],[122,71],[0,-61],[-120,-48],[23,-57],[-58,-55],[-264,-60],[-140,-39],[-31,-30],[-62,58],[44,37],[-1,45],[-79,49],[40,109],[56,-22],[-3,-74],[49,-52],[13,-58],[94,-19],[93,40],[-18,101],[46,63],[-59,64],[-68,34],[24,110],[38,56],[95,29],[-50,43],[-73,-21],[-95,16],[-74,-139],[-57,22],[41,118],[-63,105],[-228,32],[-11,97],[-53,28],[-79,122],[-162,63],[36,60],[-31,31],[-67,1],[-46,72],[4,57],[-119,48],[-92,17],[-70,50],[-63,-26],[-10,-44],[111,3],[113,-47],[94,-76],[57,-77],[-57,-83],[92,-78],[89,28],[127,-58],[-10,-101],[78,-43],[20,-71],[-42,-78],[104,-35],[29,-76],[-34,-110],[-38,-9],[-32,-87],[-66,-41],[27,-51],[-24,-34],[88,-192],[-44,-43],[-92,-5],[-108,148],[-21,66],[-71,-53],[46,-22],[-99,-184],[95,-21],[98,-43],[-18,-51],[-70,-47],[-106,4]],[[144630,123849],[135,-29],[55,-67],[99,47],[117,-67],[55,-50],[39,-70],[-11,-112],[91,50],[99,-77],[104,-42],[57,-42],[-34,-153],[-51,-59],[0,-67],[85,-206],[31,-13],[23,-80],[-68,-90],[-51,-28],[4,-75],[-82,-85],[7,-50],[58,8],[70,94],[32,78],[56,-14],[87,-78],[9,61],[-54,42],[53,79],[48,26],[-13,86],[54,56],[-48,119],[67,51],[12,70],[55,28],[-78,66],[-57,18],[20,142],[-38,127],[12,158],[16,29],[-29,47],[-14,114],[-33,62],[16,63],[56,6],[113,-47],[-25,-64],[148,33],[63,3],[112,-35],[44,-31],[67,-18],[60,-115],[106,-24],[82,-43],[148,-23],[148,-54],[48,-37],[36,-72],[72,-94],[57,-93],[11,-96],[58,-25],[150,-130],[148,-188],[6,-59],[-31,-48],[-57,-39],[-115,-57],[-13,-66],[29,-40],[81,111],[135,1],[65,68],[64,6],[73,-13],[64,-38],[63,25],[3,50],[-96,76],[-53,60],[-49,87],[-2,160],[34,4],[61,61],[-36,14],[-66,-46],[-25,15],[-58,137],[16,117],[-3,66],[-70,36],[-82,-62],[-28,86],[-60,103],[-107,162],[-46,48],[-1,57],[-27,51],[-109,153],[-26,22],[27,62],[124,-78],[136,-145],[51,-67],[75,-149],[116,40],[-4,52],[-80,58],[-52,60],[-61,151],[26,37],[188,-134],[46,-62],[118,32],[117,-53],[108,-14],[157,6],[76,26],[118,-30],[64,-28],[65,11],[128,53],[12,61],[177,65],[-38,28],[115,146],[-86,10],[-50,-13],[-74,-51],[-84,-79],[-27,-42],[-46,-18],[-91,-3],[-73,-35],[-70,-4],[-50,16],[-39,38],[22,53],[85,23],[62,79],[25,10],[7,88],[-90,-77],[6,-34],[-107,-22],[-77,-28],[-44,11],[-66,54],[-136,51],[-62,49],[-19,62],[14,65],[-89,46],[-124,157],[-88,18],[-38,57],[-37,86],[18,117],[82,-6],[128,19],[272,-8],[96,92],[17,31],[73,28],[34,-7],[140,125],[-31,29],[-290,-87],[-142,-73],[-70,4],[-196,50],[-70,1],[-125,22],[-49,47],[-155,21],[-32,72],[-85,72],[-31,48],[-68,34],[-100,-41],[-17,60],[13,33],[-74,22],[-70,78],[12,38],[-63,74],[-102,54],[-128,5],[27,88],[-4,68],[59,119],[-32,65],[68,77],[52,21],[95,147],[-20,105],[-4,95],[58,14],[88,83],[43,87],[25,-11],[71,84],[94,193],[60,29],[-38,42],[18,54],[-13,99],[-56,12],[1,58],[48,8],[72,-42],[89,58],[21,-58],[-16,-47],[32,-36],[-52,-105],[-2,-86],[54,-44],[66,10],[-11,103],[20,98],[55,61],[50,-50],[57,7],[73,119],[3,42],[-92,86],[22,33],[146,-86],[55,-5],[66,18],[200,94],[84,26],[58,97],[65,74],[27,105],[-28,21],[6,114],[-54,93],[-91,18],[34,195],[78,90],[101,67],[52,65],[89,76],[-38,64],[27,151],[-33,35],[8,117],[20,112],[128,263],[42,111],[19,99],[-24,177],[124,33],[94,43],[-27,77],[80,132],[59,-47],[3,-176],[36,-48],[87,-68],[150,-35],[67,12],[82,-10],[109,29],[104,57],[57,60],[54,20],[177,175],[49,-42],[109,38],[95,91],[126,179],[218,482],[-50,82],[-6,42],[-51,72],[-76,73],[-172,189],[-134,-6],[-64,53],[12,132],[42,58],[26,66],[-64,68],[10,89],[29,79],[4,69],[46,116],[-7,91],[-44,26],[5,54],[45,69],[8,73],[81,18],[75,82],[78,-11],[-3,-65],[57,-62],[78,-29],[172,31],[189,109],[52,60],[80,32],[3,57],[66,144],[48,176],[-25,51],[13,62],[-17,76],[20,122],[-45,84],[7,121],[19,71],[57,-31],[63,0],[49,-32],[65,-70],[14,36],[-49,55],[-2,83],[65,23],[106,84],[42,-35],[72,23],[147,-123],[75,13],[43,-71],[8,-97],[71,-43],[84,47],[26,-30],[58,4],[45,-46],[-14,-67],[109,72],[20,-21],[145,46],[87,-10],[39,-40],[70,-11],[23,-31],[76,48],[-108,25],[-128,106],[-94,25],[-49,60],[-47,-19],[-66,25],[-57,-42],[-51,73],[1,49],[-124,97],[156,31],[34,-30],[74,64],[6,41],[-94,65],[-52,-30],[-30,65],[-4,64],[42,100],[35,133],[25,48],[72,-2],[-3,59],[-58,34],[-47,62],[52,45],[114,49],[-41,60],[-93,18],[-40,88],[57,5],[116,72],[107,-11],[61,-21],[131,-93],[98,9],[23,-36],[68,-23],[121,-4],[60,-46],[-2,-64],[-24,-32],[-14,-87],[92,-5],[-29,-45],[32,-68],[-6,-46],[-35,-29],[23,-69],[-31,-71],[60,-10],[9,-133],[52,89],[-34,78],[58,63],[46,-2],[27,-78],[117,8],[3,-48],[77,-81],[36,-65],[11,-84],[56,-15],[-2,79],[154,-1],[74,-21],[55,-114],[42,3],[7,75],[-83,93],[-40,60],[-76,39],[-42,-17],[-78,15],[-62,258],[60,-24],[79,33],[36,-19],[55,36],[32,-37],[-5,-69],[83,-34],[36,53],[-59,33],[6,71],[-52,58],[-3,35],[-100,11],[-57,-62],[-55,9],[-61,44],[97,34],[20,29],[-80,20],[-116,66],[-4,-95],[-86,46],[-23,44],[36,98],[-33,64],[45,1],[47,90],[-34,42],[53,29],[34,-7],[45,87],[107,104],[133,-50],[99,3],[37,-20],[128,21],[44,-34],[128,-45],[86,11],[-46,48],[-21,56],[27,67],[-84,-17],[10,73],[49,140],[25,144],[-9,51],[-34,45],[-76,31],[-46,98],[6,75],[34,35],[122,60],[66,17],[29,-67],[61,-37],[100,56],[115,-6],[9,-86],[46,-32],[103,10],[42,49],[56,-22],[-3,-41],[51,-58],[66,-33],[56,-65],[59,-26],[111,7],[8,38],[-74,5],[7,83],[46,49],[49,89],[-13,116],[89,122],[-20,121],[17,37],[82,91],[40,29],[28,-45],[-18,-69],[92,-85],[-27,-102],[34,-32],[-33,-77],[39,-39],[-39,-87],[11,-51],[51,-98],[68,-86],[107,-98],[132,-81],[220,-70],[122,-15],[200,5],[106,15],[109,-1],[166,-17],[359,-5],[40,16],[288,30],[147,56],[195,67],[183,123],[92,5],[59,-42],[-6,-33],[55,-50],[8,-49],[98,-73],[179,-51],[58,-2],[130,-49],[219,-30],[9,55],[265,135],[111,90],[80,114],[64,1],[106,40],[70,42],[26,70],[134,5],[9,-120],[64,-91],[164,56],[85,41],[86,12],[63,-79],[100,-83],[125,60],[-4,90],[124,241],[175,34],[207,94],[121,88],[36,9],[60,-55],[233,81],[-29,60],[14,79],[-33,154],[89,315],[2,112],[23,98],[52,28],[-44,68],[17,64],[-22,35],[-37,127],[-78,55],[-56,-3],[-66,27],[-50,66],[72,83],[91,32],[30,59],[96,81],[-47,42],[-41,-25],[-146,-25],[-243,52],[-36,36],[-46,88],[-78,25],[-9,150],[21,49],[146,-9],[92,6],[62,-70],[66,-18],[45,16],[-6,57],[-71,57],[-144,77],[-9,45],[-47,76],[43,16],[43,96],[-73,3],[-63,46],[28,96],[-79,7],[-63,49],[-2,82],[127,89],[-82,-12],[-76,-55],[-80,28],[-59,80],[-151,29],[-114,-11],[-75,14],[-135,44],[-78,-26],[-152,-78],[-137,13],[-108,30],[-52,-2],[-120,-59],[-73,-90],[-100,3],[-46,-44],[-57,-13],[-17,-59],[-100,-42],[-50,-53],[-28,34],[-123,5],[-58,27],[-30,43],[-12,70],[-66,26],[-30,45],[-20,83],[23,22],[59,-14],[29,28],[22,74],[-79,63],[-140,-42],[-93,11],[-21,26],[40,70],[-41,17],[-109,-37],[-97,60],[88,66],[74,-14],[-49,100],[48,41],[-45,39],[-44,-1],[-30,-42],[-40,13],[-77,-60],[-29,30],[44,85],[49,36],[-124,23],[-45,44],[-128,71],[-80,3],[-64,-80],[-219,-42],[-94,1],[-49,94],[81,3],[15,41],[86,-27],[34,33],[-7,49],[-48,44],[68,11],[69,-58],[113,-11],[29,37],[-44,48],[7,38],[-52,23],[-35,64],[-58,49],[27,64],[42,-75],[67,1],[24,45],[74,-26],[33,-65],[49,114],[-45,36],[10,62],[49,-5],[57,-40],[30,-57],[-22,-30],[124,-119],[-22,-53],[171,45],[71,63],[29,48],[-115,175],[31,28],[64,-36],[26,101],[-57,69],[25,44],[56,26],[42,-12],[67,-78],[80,-192],[57,-42],[29,38],[53,0],[43,-55],[44,-120],[48,-6],[54,68],[26,-70],[-32,-43],[-7,-53],[-44,-25],[28,-55],[53,29],[0,-83],[-43,-16],[-26,-63],[41,-41],[10,-61],[48,-61],[23,81],[0,57],[28,49],[37,-9],[2,-53],[68,-30],[-29,-48],[-17,-106],[35,-8],[13,-132],[47,-99],[64,-14],[-7,58],[122,-46],[7,56],[-39,33],[7,41],[-57,15],[-23,66],[33,57],[143,-80],[43,29],[-3,55],[25,47],[-43,78],[-72,58],[-88,39],[-2,77],[30,57],[-35,55],[0,60],[43,72],[-34,81],[-29,4],[-68,78],[-42,6],[4,102],[-90,32],[9,84],[29,45],[52,-28],[93,8],[49,-64],[4,-88],[55,-69],[94,-63],[72,-15],[-19,-72],[33,-40],[95,-179],[63,-8],[-12,65],[11,86],[-75,77],[42,66],[-25,26],[-17,73],[128,41],[65,-33],[45,60],[78,57],[27,52],[71,-65],[9,-121],[26,-68],[79,-61],[-15,-102],[3,-69],[-25,-69],[23,-27],[-32,-86],[19,-26],[99,-5],[21,34],[11,107],[54,-18],[17,84],[-34,58],[35,55],[61,49],[68,-26],[108,-143],[12,-35],[49,-7],[81,-47],[-17,-96],[13,-60],[-13,-93],[36,0],[36,-64],[63,22],[66,-12],[43,-99],[59,-32],[70,-96],[65,-45],[81,-10],[39,-38],[40,-100],[-2,-131],[18,-45],[90,-123],[111,-37],[48,14],[75,-35],[101,24],[63,82],[73,48],[8,35],[55,41],[43,98],[90,23],[53,54],[33,69],[-16,39],[118,50],[39,-93],[68,-15],[42,-52],[38,1],[52,44],[-14,69],[40,77],[-29,44],[-41,15],[-13,55],[-44,46],[-69,33],[28,42],[120,-44],[86,37],[34,-35],[42,-104],[56,-32],[13,-58],[101,-150],[111,-20],[57,-46],[54,-126],[111,-169],[140,-88],[-36,-105],[24,-63],[78,-117],[43,-85],[13,-86],[40,-60],[77,-79],[6,-46],[61,-69],[-5,-23],[57,-62],[98,-47],[226,-50],[149,14],[96,50],[65,55],[168,49],[66,-34],[16,-76],[-58,-33],[-109,8],[-40,-62],[16,-86],[46,-49],[140,25],[36,-54],[69,35],[-24,43],[77,40],[61,75],[55,-114],[-70,6],[1,-45],[37,-42],[138,16],[47,-19],[-3,-49],[61,-52],[76,52],[10,36],[99,0],[147,90],[24,-40],[-31,-75],[-2,-103],[-35,-44],[19,-94],[-70,-82],[20,-60],[39,26],[43,90],[11,53],[54,44],[59,82],[187,-11],[-17,-86],[13,-36],[119,10],[39,48],[63,2],[48,26],[-3,56],[71,74],[55,23],[216,2],[153,88],[27,32],[-7,62],[74,65],[58,-21],[66,3],[68,28],[26,-61],[62,-61],[67,-14],[132,2],[82,41],[24,-102],[-84,-73],[-21,-85],[-47,-32],[-52,23],[-72,7],[-71,-32],[-58,-85],[-51,-34],[36,-51],[25,-84],[28,-33],[73,9],[82,-98],[4,-43],[60,13],[99,1],[10,-56],[76,10],[38,29],[174,60],[41,26],[73,120],[151,37],[37,-32],[77,-31],[-11,-74],[58,-50],[13,-41],[-40,-39],[16,-71],[65,33],[41,-9],[34,58],[133,53],[8,-72],[70,-82],[104,-96],[-26,-48],[-66,16],[-9,-70],[19,-34],[81,-44],[82,-125],[-46,-84],[-12,-83],[-70,-122],[1,-31],[54,-93],[61,102],[21,125],[53,40],[19,40],[80,65],[107,19],[12,93],[-21,53],[5,69],[44,-8],[114,25],[100,-117],[179,-126],[108,-39],[108,-17],[21,-31],[86,-26],[96,-7],[116,10],[19,-30],[118,-1],[135,19],[191,52],[156,23],[237,150],[138,210],[94,1],[52,28],[111,10],[16,36],[102,-39],[-17,-40],[8,-81],[-17,-66],[68,-21],[43,-116],[37,-67],[51,0],[65,-33],[86,-18],[5,-74],[-17,-34],[6,-118],[61,-78],[130,-14],[59,-52],[54,-22],[88,39],[83,-13],[102,-52],[73,-73],[29,-75],[56,-93],[183,-147],[43,-57],[213,72],[61,3],[45,30],[52,-22],[27,22],[67,-50],[29,-71],[140,-79],[71,-49],[25,30],[-84,108],[-59,29],[-2,49],[-71,62],[16,23],[103,-31],[75,-5],[168,40],[69,0],[78,-125],[129,-18],[102,33],[55,32],[-1,52],[-72,-42],[-96,-2],[-105,60],[-63,86],[-102,8],[-25,41],[-69,6],[31,50],[151,11],[68,67],[79,2],[70,73],[-60,46],[6,49],[98,51],[109,24],[23,57],[57,42],[34,-33],[52,-3],[40,44],[107,-7],[-66,-80],[49,-52],[159,0],[75,20],[171,101],[54,105],[82,-13],[33,-98],[110,-54],[144,83],[61,48],[93,37],[83,95],[143,22],[33,40],[71,12],[80,53],[109,1],[138,73],[147,55],[91,7],[128,45],[100,6],[102,59],[19,-30],[-159,-116],[-15,34],[-138,-22],[-33,6],[-41,-38],[28,-43],[-53,-25],[-28,-45],[-64,-31],[-27,-43],[-89,-41],[-83,-130],[-45,-29],[-10,-43],[-59,0],[-11,-44],[-60,-9],[-66,-98],[-65,-28],[-75,-74],[-42,1],[-37,-76],[0,-146],[47,-86],[64,-82],[67,-58],[80,-32],[87,-143],[78,137],[63,37],[75,-28],[17,67],[-7,90],[142,94],[59,72],[37,-24],[29,38],[70,0],[19,56],[45,-7],[2,64],[69,5],[-10,-95],[64,-39],[24,90],[42,57],[53,3],[33,-46],[60,40],[92,25],[0,26],[169,98],[10,73],[-28,35],[60,55],[42,-2],[92,46],[-8,-58],[-47,-17],[-39,-103],[-35,-56],[-44,-22],[-53,-80],[-31,-18],[-27,-58],[-17,-87],[-52,19],[-70,-64],[-80,-105],[12,-59],[113,-61],[-8,-50],[50,-51],[107,3],[55,16],[37,109],[120,21],[34,23],[76,-37],[-1,-27],[-52,-108],[-32,26],[-40,-21],[-25,-83],[-51,10],[-43,-31],[66,-84],[-74,-97],[-46,-99],[-41,2],[-58,-72],[10,-86],[51,10],[73,-24],[50,19],[-29,-110],[-50,-77],[38,-69],[61,-28],[-17,-102],[33,2],[41,47],[29,-42],[41,57],[3,73],[80,102],[52,-32],[-15,-29],[33,-52],[54,-6],[108,41],[71,8],[37,34],[71,-7],[18,-95],[69,-20],[93,-3],[120,25],[204,123],[160,142],[33,80],[-34,56],[98,105],[38,119],[-42,41],[81,24],[42,62],[8,53],[-47,53],[90,22],[-32,138],[-24,48],[-53,39],[-61,7],[-45,-36],[-103,26],[-233,-39],[-57,2],[-2,51],[-39,59],[-34,18],[-103,-53],[-84,18],[19,74],[-8,69],[112,-14],[64,48],[6,85],[50,-5],[37,67],[63,24],[5,48],[88,116],[-10,26],[169,76],[44,-18],[62,14],[26,-40],[125,155],[46,-22],[64,81],[2,55],[66,87],[31,14],[40,63],[49,0],[23,-54],[64,62],[20,71],[62,-41],[101,-14],[170,58],[29,86],[141,7],[55,67],[37,-50],[-132,-110],[-83,-36],[-78,-14],[-97,-34],[-99,-7],[-21,-41],[1,-64],[-60,20],[-28,-21],[28,-89],[39,0],[79,-65],[64,1],[27,94],[43,43],[60,2],[33,-22],[25,-117],[40,-75],[35,-107],[39,-70],[37,-31],[69,12],[10,-39],[-26,-88],[16,-53],[-42,-84],[49,-116],[39,-54],[14,-76],[111,-93],[97,-46],[6,-143],[70,-56],[88,5],[36,21],[35,-42],[61,-3],[30,56],[98,0],[65,105],[34,12],[-3,54],[-69,31],[4,46],[-59,-13],[-53,29],[-29,48],[-75,44],[-80,-25],[9,58],[86,-19],[93,15],[18,50],[69,5],[37,29],[85,-1],[54,23],[28,-88],[90,-100],[58,-43],[34,13],[58,-19],[66,9],[81,-40],[48,-108],[69,-7],[11,-53],[-13,-72],[54,-24],[66,8],[-1,-59],[24,-85],[27,-36],[-49,-82],[49,-62],[71,-5],[43,-66],[-79,16],[-186,-85],[-51,-55],[-12,-50],[-89,-50],[-120,-120],[-135,-161],[-36,-52],[-106,-81],[-37,-51],[-47,-23],[-11,55],[61,66],[8,57],[63,2],[27,28],[-16,168],[-61,5],[-84,-69],[-96,-53],[-32,7],[-45,-65],[20,-49],[59,-34],[1,-37],[-57,-39],[26,-28],[54,3],[-29,-82],[-83,0],[-31,-54],[-45,16],[-47,-35],[3,-63],[-64,16],[-10,-56],[66,18],[46,97],[56,-16],[93,4],[29,69],[61,-12],[4,-85],[-37,15],[-84,-45],[-113,-108],[-53,-88],[-61,-163],[13,-84],[64,-48],[-5,-51],[-104,23],[-38,-28],[-53,8],[-11,32],[-88,9],[-89,-74],[-37,-91],[7,-33],[82,-43],[18,-79],[-47,-75],[-24,-96],[18,-75],[-77,25],[-48,36],[-20,84],[17,50],[-11,87],[-69,16],[-15,37],[-48,16],[-9,45],[-58,-10],[-56,-60],[4,-77],[41,-76],[-23,-54],[-49,-12],[-38,53],[-120,114],[-58,-24],[-24,-37],[13,-51],[88,-29],[-34,-68],[-13,-64],[21,-47],[67,-35],[36,2],[19,-72],[40,-34],[65,-21],[97,13],[-48,-62],[-5,-56],[26,-55],[46,17],[71,-46],[30,1],[141,-69],[54,-53],[47,1],[27,-129],[26,-45],[43,-4],[44,-42],[-58,-53],[-91,10],[-26,121],[1,52],[-54,26],[-85,-53],[6,-43],[-73,-38],[7,-83],[-75,12],[11,67],[-52,51],[33,35],[-56,63],[-67,-32],[-46,-57],[-53,35],[-64,-22],[-40,-42],[-143,77],[-39,-44],[8,-31],[118,-28],[74,19],[51,-11],[4,-69],[120,-47],[-22,-44],[6,-67],[27,-30],[132,-12],[-93,-149],[-78,-227],[-81,31],[-82,-43],[-59,-84],[0,-76],[-33,-121],[16,-83],[-32,-55],[-59,-34],[-40,28],[34,103],[-66,29],[-9,-53],[-95,-18],[-68,-32],[-64,-108],[-106,-137],[-22,-45],[-60,-64],[-46,0],[-68,126],[62,30],[22,71],[-46,93],[103,13],[33,-34],[59,16],[69,81],[-36,116],[-57,36],[17,60],[-3,72],[-60,77],[65,31],[-12,43],[-50,57],[61,46],[-30,59],[34,61],[-30,95],[-128,48],[-104,-86],[-20,-30],[-8,-91],[-62,-56],[83,-8],[45,-49],[-7,-38],[-58,-66],[41,-65],[-27,-29],[-122,-9],[-6,54],[-50,-13],[-69,21],[13,109],[-34,11],[-30,-85],[-35,1],[-57,44],[-12,-68],[48,-20],[18,-54],[35,-5],[-34,-79],[12,-78],[-65,16],[-41,-28],[-17,-75],[12,-30],[-57,-60],[-69,10],[-35,47],[-38,-6],[-76,-49],[-29,41],[9,73],[-49,33],[0,77],[32,9],[21,70],[18,122],[-8,50],[-37,50],[-78,-39],[-21,-49],[-78,-34],[-25,-55],[45,-29],[-77,-72],[-50,-71],[-7,-49],[33,-47],[-17,-30],[-90,37],[-56,-71],[58,-87],[-43,-71],[5,-93],[-44,-42],[-34,53],[22,29],[-39,134],[-9,73],[-31,28],[-31,85],[-73,17],[-67,-36],[-42,-45],[-28,-150],[-70,3],[-28,62],[-132,-76],[-32,-46],[-13,-89],[-69,-46],[-54,-122],[-6,-92],[50,-41],[47,-3],[86,-52],[22,-51],[-29,-35],[33,-57],[114,25],[78,6],[-5,-75],[-32,-75],[-85,45],[-57,-32],[-9,-33],[38,-35],[-35,-37],[-46,29],[-23,69],[-69,36],[-13,45],[-52,2],[-90,-45],[-22,-50],[28,-94],[-28,-67],[20,-43],[-33,-110],[51,-73],[-2,-80],[-50,-48],[-68,2],[7,-65],[-27,-40],[48,-104],[87,-31],[27,-77],[4,-78],[38,-46],[47,-4],[73,51],[28,-50],[2,-56],[-58,13],[-105,-88],[7,-50],[45,-70],[106,-70],[45,-6],[150,12],[98,50],[46,61],[81,32],[28,34],[-4,55],[65,1],[33,28],[-6,84],[89,77],[97,-50],[14,-58],[-50,-6],[-48,-39],[-7,-69],[-40,-25],[-46,-60],[17,-70],[-13,-60],[-68,-26],[-29,-43],[0,-62],[-32,-61],[44,-140],[-5,-29],[-75,-72],[-33,-52],[12,-74],[-21,-82],[-86,-75],[-58,-142],[-54,-24],[-123,-110],[-40,-76],[28,-55],[-8,-146],[-35,-138],[-64,-84],[-5,-116],[-42,-215],[4,-43],[-70,-33],[-137,-94],[-88,-77],[-58,5],[-63,-18],[-55,-42],[-47,-81],[-78,-73],[-132,-37],[48,-45],[-76,-116],[-27,-72],[-126,-194],[-52,-58],[22,-66],[-20,-52],[-64,36],[-160,-44],[-46,-50],[-42,-71],[7,-49],[-52,-87],[2,-74],[-62,-15],[-51,-56],[20,-49],[-49,-5],[-60,-59],[-52,-98],[-40,-137],[-9,-81],[15,-70],[65,-17],[-26,-65],[-66,19],[-110,-93],[-38,33],[-95,-37],[-105,-110],[-63,-99],[-44,-41],[-59,-8],[-51,72],[-50,-28],[21,-111],[31,-87],[11,-120],[-9,-42],[82,-167],[-14,-68],[107,-159],[19,-60],[83,-144],[66,-91],[63,-23],[83,-55],[97,-87],[103,-49],[131,-80],[7,-21],[153,-36],[123,32],[123,-67],[13,-49],[90,-28],[58,-45],[5,-35],[53,-25],[38,-59],[84,11],[278,-171],[261,-125],[63,-45],[102,-97],[40,-62],[75,-81],[187,-100],[66,-62],[60,-18],[169,-90],[50,-11],[45,-48],[81,-57],[116,-59],[59,-13],[121,-58],[37,-41],[85,-57],[173,3],[54,-47],[111,-58],[8,-140],[55,-151],[44,-60],[4,-85],[27,-78],[88,-155],[122,-76],[16,-52],[79,-42],[84,-20],[85,2],[69,-49],[93,4],[50,-27],[51,-60],[87,-35],[68,-51],[161,-168],[151,-110],[11,-34],[58,-19],[46,7],[-17,64],[63,17],[48,-8],[97,67],[65,14],[44,36],[60,109],[93,-26],[57,46],[19,-73],[68,5],[56,-49],[59,-5],[-10,-70],[-28,-60],[-123,-161],[-14,-56],[-160,20],[23,-85],[78,-9],[38,-53],[-9,-36],[82,-67],[53,-86],[27,-19],[8,-95],[-104,-85],[20,-74],[47,-73],[104,-5],[179,183],[17,-71],[95,5],[66,21],[67,2],[62,-39],[77,9],[59,-34],[11,-35],[78,2],[41,-29],[42,9],[47,-38],[124,26],[-80,28],[-44,39],[-13,69],[77,56],[107,47],[70,-3],[-18,57],[52,45],[39,-54],[14,-55],[65,9],[79,-74],[118,-131],[27,4],[55,-51],[78,-47],[119,-48],[42,8],[173,-69],[173,-112],[49,-21],[194,-40],[75,-75],[-3,-28],[85,-113],[86,-76],[17,-53],[99,-63],[166,-73],[95,-20],[93,-76],[74,21],[128,-31],[141,-73],[68,-21],[30,16],[172,-44],[26,26],[225,-69],[72,-36],[162,-61],[122,-63],[220,-43],[45,-65],[6,-61],[38,-14],[87,-89],[95,-173],[66,-61],[42,-77],[71,-59],[81,-132],[64,-86],[106,-96],[243,-170],[54,-79],[74,-67],[56,-29],[63,-55]],[[179742,120131],[-45,1],[-26,71],[80,23],[-9,-95]],[[162556,140159],[-6,104],[117,-63],[-33,-58],[-63,-24],[-15,41]],[[161944,140238],[10,60],[78,0],[-21,-63],[-67,3]],[[179397,140465],[87,-12],[-15,-35],[-57,10],[-15,37]],[[161830,140489],[-20,-78],[-35,10],[55,68]],[[180342,120172],[-27,44],[-14,135],[-16,49],[54,31],[-4,62],[58,90],[46,-9],[-6,-56],[52,3],[-14,91],[39,-1],[65,57],[-36,158],[74,-12],[50,-35],[17,-82],[27,-26],[10,-59],[56,-25],[70,-3],[14,-53],[52,11],[29,-61],[-16,-78],[33,-132],[-29,-96],[10,-75],[47,-62],[67,-21],[-40,-161],[-61,-72],[-129,-62],[-70,30],[18,89],[-33,63],[-51,2],[-38,-31],[-82,56],[-37,54],[-54,198],[23,51],[-38,35],[-27,-50],[-89,37],[0,-84]],[[178854,120949],[-58,-26],[-36,-85],[19,-138],[-40,-75],[-10,-62],[-137,4],[-37,19],[-68,-55],[-98,0],[-85,56],[71,57],[4,91],[-32,56],[56,47],[23,78],[-46,84],[110,40],[74,2],[78,19],[12,63],[45,3],[120,-40],[15,-24],[20,-114]],[[179451,120557],[38,26],[54,-4],[48,-29],[55,14],[98,-61],[57,-12],[22,-73],[-87,-91],[-53,22],[-49,46],[-52,-72],[64,-6],[48,-91],[-59,-23],[-16,-32],[-72,-40],[-114,-17],[-27,-41],[-54,35],[-1,67],[68,79],[-33,52],[-6,115],[29,24],[-26,52],[22,70],[46,-10]],[[179997,120713],[33,-79],[-53,-48],[-103,-6],[12,47],[-34,73],[-2,93],[75,49],[-14,45],[-49,53],[7,76],[71,25],[16,92],[50,-17],[14,-85],[69,-196],[52,-22],[-41,-50],[-103,-50]],[[174684,123735],[3,31],[88,70],[32,2],[19,93],[-23,41],[45,69],[97,-7],[53,-48],[40,-118],[-4,-84],[-128,-18],[-25,28],[-76,-43],[-38,-45],[-47,35],[-36,-6]],[[179842,120900],[15,-45],[-22,-33],[-158,14],[-53,85],[84,16],[83,-10],[51,-27]],[[147738,124163],[-99,73],[11,27],[141,-32],[122,-58],[-44,-38],[-58,0],[-73,28]],[[179631,120697],[-45,21],[49,80],[99,-24],[6,-47],[-109,-30]],[[174288,125460],[8,59],[98,9],[23,-23],[-81,-106],[-48,61]],[[178986,120730],[43,55],[107,-35],[-3,-39],[-73,0],[-74,19]],[[177953,128253],[-37,29],[1,63],[61,70],[55,2],[24,-67],[71,48],[34,-64],[83,7],[54,-24],[114,47],[30,50],[-12,89],[34,43],[48,-11],[-10,-114],[68,-25],[88,47],[121,13],[-31,81],[53,10],[115,-19],[2,95],[-82,28],[18,77],[-29,44],[-98,32],[2,175],[94,5],[95,-42],[-63,-53],[31,-54],[69,61],[62,16],[34,-18],[67,27],[22,88],[41,60],[148,25],[33,-67],[2,-58],[-56,-115],[-51,-9],[-63,-58],[-47,-8],[30,-142],[34,-48],[109,-15],[-40,-73],[18,-59],[56,-43],[-33,-63],[10,-30],[134,37],[52,-39],[130,-31],[63,-34],[90,29],[49,43],[28,112],[-57,49],[-80,1],[82,58],[28,35],[-1,110],[25,24],[118,-32],[80,11],[74,-43],[37,-67],[3,-42],[47,-68],[-56,-10],[-74,-77],[-52,-74],[-115,-216],[-5,-76],[-58,14],[-105,-3],[-38,18],[-97,-53],[-54,-75],[-46,-101],[-29,-121],[0,-73],[35,-71],[36,-25],[52,23],[70,-3],[5,-74],[-69,-1],[-73,-39],[-48,10],[-61,-65],[-15,-40],[26,-64],[-33,-13],[-61,89],[-52,-17],[12,-40],[-42,-44],[-14,-77],[-49,-16],[-4,-48],[19,-70],[40,-20],[6,-41],[-40,-51],[82,-95],[43,-18],[93,18],[45,-41],[100,15],[9,33],[-55,38],[57,103],[68,7],[34,-61],[40,-5],[116,-90],[40,-90],[44,-14],[75,8],[69,35],[37,84],[50,47],[8,36],[119,22],[86,-35],[-46,-126],[-51,26],[-34,-68],[12,-38],[62,-21],[-21,-34],[31,-72],[-50,-57],[28,-88],[-53,-21],[-3,-71],[-127,51],[-58,-84],[-75,13],[-47,80],[-54,25],[-70,-48],[-45,51],[-55,-3],[-49,39],[-105,38],[-46,-12],[-141,19],[-60,-17],[-96,-48],[-44,-4],[-65,-46],[-31,-51],[-48,43],[-50,-32],[-36,37],[-46,5],[-9,65],[-34,23],[-75,1],[-114,22],[-69,-6],[-81,33],[-46,-6],[-74,88],[-141,-15],[-92,40],[-71,45],[-8,43],[-73,50],[-72,1],[-116,-27],[-175,-76],[-133,-101],[-12,130],[84,47],[247,105],[86,63],[8,75],[56,64],[36,12],[16,54],[-63,104],[2,64],[-52,87],[18,41],[-28,134],[5,103],[-38,64],[57,112],[68,243],[-12,68],[-74,105]],[[176942,128528],[-7,78],[-68,14],[-97,-46],[-9,-46],[31,-76],[-2,-57],[44,0],[0,-62],[-175,-6],[-48,26],[-57,67],[67,116],[-47,102],[-3,92],[16,47],[61,-8],[90,-63],[65,-13],[84,36],[-24,60],[29,44],[-9,65],[52,34],[3,105],[98,35],[57,-3],[114,-54],[9,-77],[55,6],[50,-58],[75,-10],[18,-94],[-59,-46],[-57,17],[-82,-55],[6,-40],[93,11],[-5,-58],[26,-97],[-90,32],[2,-96],[-26,-60],[2,-46],[-45,-23],[-18,-43],[-160,-41],[-30,38],[57,101],[-22,54],[-77,75],[13,23]],[[176716,129667],[39,47],[-34,58],[-52,3],[2,51],[-37,61],[56,86],[-36,56],[17,53],[44,32],[-32,52],[-7,61],[20,43],[56,-8],[19,-87],[39,-57],[57,-13],[9,-71],[69,-55],[60,-20],[-30,-62],[-69,24],[-60,-16],[-35,-59],[-96,42],[6,-56],[28,-41],[36,4],[50,-70],[-8,-55],[-76,-7],[-15,-85],[14,-69],[-33,-14],[-57,110],[56,35],[0,27]],[[178321,128836],[75,0],[10,64],[36,5],[38,-77],[20,-84],[-19,-62],[29,-88],[-98,-78],[-58,18],[-53,53],[-34,81],[-79,40],[-13,41],[26,74],[120,13]],[[149204,131161],[0,118],[48,-20],[124,3],[78,-82],[-31,-48],[-63,22],[-146,-13],[-10,20]],[[177728,128300],[-133,-10],[-15,23],[87,120],[62,-1],[27,-60],[-28,-72]],[[176428,129903],[5,55],[32,15],[71,-14],[33,-41],[-107,-40],[-34,25]],[[149501,131035],[17,47],[53,-30],[39,-88],[-30,-7],[-69,45],[-10,33]],[[177129,129399],[54,9],[5,-65],[-95,-5],[-19,60],[55,1]],[[179064,129059],[7,49],[55,-8],[13,-47],[-17,-45],[-70,-8],[12,59]],[[177169,129947],[-3,83],[128,-69],[-23,-31],[-56,36],[-46,-19]],[[178676,129067],[38,42],[50,-45],[-65,-20],[-23,23]],[[176515,130616],[-33,-62],[-35,55],[68,7]],[[177873,129211],[0,35],[84,-2],[7,-46],[-91,13]],[[152086,138766],[90,-102],[10,-54],[59,-29],[18,-35],[-23,-50],[93,-99],[30,84],[67,-31],[86,-16],[-2,-45],[130,-79],[85,17],[-45,46],[-123,46],[26,73],[-75,36],[-3,50],[-71,26],[-26,61],[-159,31],[-2,41],[33,105],[72,7],[192,39],[37,44],[67,-3],[144,14],[136,32],[67,46],[10,27],[78,46],[55,74],[63,-5],[305,-115],[59,-74],[131,-24],[57,-29],[81,87],[-2,45],[-42,41],[-2,36],[105,28],[41,37],[44,5],[83,49],[51,51],[13,55],[40,51],[70,-9],[46,13],[67,-45],[-6,-61],[38,-55],[-23,-83],[52,-66],[47,-31],[80,131],[-72,21],[56,55],[-25,64],[6,69],[24,70],[65,53],[72,-3],[55,29],[21,112],[37,10],[51,-33],[126,-25],[-11,-26],[60,-45],[27,-50],[-73,-81],[-8,-83],[48,-23],[69,8],[24,79],[61,27],[70,-15],[62,-41],[0,-113],[39,-45],[67,16],[32,60],[-32,53],[21,42],[43,13],[87,-28],[49,-45],[8,-69],[-54,-24],[12,-68],[80,-30],[56,-72],[-40,-31],[21,-66],[52,-54],[-29,-57],[44,-52],[38,-14],[30,49],[65,6],[110,-59],[45,-70],[-13,-96],[29,-91],[-64,-75],[-56,12],[-15,33],[-52,-7],[-71,-87],[-74,-58],[-35,-88],[-22,-109],[7,-56],[38,-27],[-30,-80],[61,-20],[0,-71],[-29,-19],[-96,0],[-44,20],[-70,-8],[-44,66],[-105,19],[-63,-51],[3,-24],[-68,-145],[-69,-83],[-42,-101],[-157,-152],[-73,-95],[-71,32],[-95,-35],[-236,-172],[-39,-44],[-119,-59],[-46,-2],[-178,-106],[-111,-24],[-100,-118],[-55,-81],[-66,2],[-65,-21],[-38,-33],[-123,-146],[-93,-50],[-80,10],[-96,148],[-64,57],[-169,124],[-81,45],[-102,-1],[-123,23],[-103,57],[-98,32],[-102,65],[-117,44],[-106,14],[-44,57],[-18,85],[-139,65],[-27,51],[-54,48],[-105,25],[-29,58],[-60,36],[-33,-20],[-20,68],[-49,49],[-77,4],[-36,-31],[-95,44],[-82,66],[-72,147],[8,113],[67,119],[-26,75],[-53,37],[-71,24],[-26,66],[-76,50],[-25,37],[13,84],[-21,70],[-51,32],[36,122],[-69,82],[16,48],[-31,65],[10,75],[-65,-13],[-45,88],[40,50],[18,77],[51,4],[1,44],[-61,69],[-31,67],[-110,71],[-9,42],[25,114],[23,227],[71,-4],[54,17],[209,-190],[111,-147],[113,-106],[121,-60],[100,8],[32,64],[95,-67],[80,-26],[31,-70],[13,-75],[-33,-13],[-48,-74],[-78,8],[-8,-39],[-50,-55],[12,-99],[53,-56],[74,-12],[72,63],[69,-7],[102,63],[8,76],[54,61],[34,-78],[-25,-74],[21,-51],[2,-64]],[[151881,137341],[116,-83],[-43,-121],[-40,-53],[-16,-61],[-59,-75],[-96,0],[-63,39],[-101,-6],[-165,-47],[-53,3],[-193,67],[-55,-13],[-92,50],[-141,19],[-80,54],[-99,40],[-186,35],[-69,-31],[-213,-51],[-204,-67],[-126,-19],[-186,-57],[-92,-13],[-49,24],[-65,-20],[-83,29],[-89,-23],[-102,109],[-25,106],[55,78],[43,2],[69,-46],[41,13],[-24,53],[40,94],[1,134],[-10,47],[25,70],[72,-3],[73,-62],[53,-63],[33,-14],[137,-7],[103,108],[77,109],[53,5],[44,-80],[23,6],[121,-120],[24,28],[-23,108],[-53,17],[-39,87],[-175,9],[28,103],[18,129],[-31,65],[-87,55],[44,80],[30,4],[17,93],[103,22],[32,36],[26,-95],[105,-31],[34,-105],[23,16],[-43,111],[-100,38],[5,76],[-55,15],[-51,-55],[-60,8],[-60,104],[-58,5],[-74,-33],[-36,61],[96,62],[39,122],[232,118],[50,95],[50,51],[-22,80],[16,31],[57,20],[178,7],[151,94],[75,-89],[0,-36],[46,-144],[35,-65],[52,-32],[21,-41],[56,-47],[12,-107],[-115,-153],[15,-49],[-22,-49],[32,-59],[77,-81],[109,-27],[181,-132],[-19,-167],[23,-79],[-9,-55],[23,-83],[72,-13],[128,-72],[12,-19],[81,-16],[70,19],[63,-68],[117,-40],[19,-70],[95,-16]],[[160736,139878],[-24,-77],[56,-75],[66,37],[63,-11],[38,-51],[-64,-4],[-56,-68],[7,-75],[37,-17],[30,-271],[-42,-2],[-46,-56],[-36,-132],[-103,3],[-65,90],[-42,145],[-3,89],[-64,68],[-131,170],[-56,109],[-54,64],[77,16],[64,58],[15,49],[-10,56],[19,114],[-140,87],[-63,76],[-25,55],[15,35],[169,-114],[85,23],[18,41],[71,-3],[56,31],[31,43],[2,77],[-23,67],[56,84],[127,-7],[-70,-73],[-13,-55],[28,-97],[-2,-90],[58,-120],[-5,-50],[28,-71],[0,-65],[48,-37],[-58,-65],[-69,-1]],[[174104,136050],[18,138],[92,100],[40,121],[92,-73],[75,-22],[104,31],[104,148],[77,-27],[94,30],[82,-30],[109,80],[2,26],[108,22],[223,209],[7,57],[64,-6],[76,32],[28,31],[56,127],[12,53],[-54,4],[-44,79],[52,70],[64,-27],[70,24],[21,-49],[68,-14],[58,-133],[-84,-38],[-56,-61],[-5,-71],[-29,-46],[-45,-13],[-109,-65],[-116,-135],[-51,-113],[-136,-150],[-85,-49],[-133,17],[-45,-38],[-21,-93],[-144,-4],[-297,-65],[-55,-48],[-82,-15],[-51,-47],[-21,-57],[-40,8],[-42,-57],[-33,50],[-48,34],[30,55]],[[178314,138725],[12,71],[61,9],[108,112],[33,4],[43,59],[63,45],[57,82],[-19,31],[51,161],[164,216],[-11,56],[98,26],[37,86],[49,23],[39,-56],[68,16],[25,48],[64,62],[-20,74],[3,74],[68,47],[18,55],[-86,59],[24,21],[79,-32],[51,88],[-8,61],[-96,29],[33,57],[44,6],[38,39],[86,41],[37,-38],[-42,-51],[-46,-123],[10,-31],[-23,-74],[-44,-81],[5,-61],[-61,-80],[-11,-85],[-22,-32],[21,-77],[-37,-4],[-10,-52],[-60,-34],[-44,6],[-61,-38],[22,-96],[-34,-10],[-32,-72],[-63,2],[-10,-69],[-61,7],[-27,-21],[29,-55],[-42,-143],[-36,1],[-54,-72],[-17,-57],[-61,-105],[-110,-67],[0,-40],[-93,-97],[-31,-52],[-55,-7],[-4,58],[-100,-45],[-7,-63],[-66,1],[-21,37],[72,42],[31,73],[-18,35]],[[177488,137932],[-74,21],[-7,56],[74,21],[48,-52],[82,40],[29,64],[95,22],[17,-38],[-12,-59],[37,-17],[-58,-65],[-19,18],[-105,-49],[6,-44],[-97,-11],[-48,-51],[-63,-21],[-14,44],[-71,34],[-50,-18],[42,-42],[-24,-54],[0,-60],[-112,-18],[-34,-19],[-28,62],[-161,-102],[-47,-53],[-93,-22],[3,54],[80,6],[7,24],[-53,74],[44,41],[61,5],[58,-39],[16,50],[65,10],[34,-18],[6,97],[51,15],[12,39],[-31,42],[53,32],[61,90],[23,-53],[56,-25],[-16,-34],[42,-32],[115,35]],[[176714,136014],[-56,42],[25,39],[54,-54],[44,-13],[66,37],[9,44],[219,-50],[11,32],[75,15],[134,86],[55,124],[31,-17],[75,11],[-3,-61],[52,-15],[-16,-57],[-164,-104],[-2,-19],[-159,-36],[-35,-31],[-77,-32],[-45,5],[-47,-29],[0,-51],[-78,-7],[-66,46],[-46,0],[-115,-33],[-49,69],[141,4],[-33,55]],[[164214,137764],[-32,59],[127,50],[63,39],[60,74],[135,-17],[40,-24],[116,-14],[36,-85],[-53,-11],[-106,6],[-51,-47],[-74,-25],[-30,42],[-58,-41],[-57,-18],[73,-94],[-56,-43],[-90,-45],[-50,72],[29,94],[-22,28]],[[176045,137426],[-59,2],[-92,42],[-37,36],[11,75],[153,92],[98,37],[73,46],[40,-35],[59,13],[35,-29],[-106,-108],[-9,-44],[-60,-30],[-62,-72],[-44,-25]],[[171265,135789],[-71,-149],[-59,-35],[-55,33],[-86,26],[8,26],[-31,145],[12,67],[-47,35],[-39,62],[34,25],[130,-93],[109,-14],[50,-38],[45,-90]],[[159616,135805],[15,51],[95,-7],[75,44],[107,-14],[60,-69],[3,-57],[30,-65],[-49,-76],[-48,-14],[-58,12],[-95,64],[-22,43],[-48,21],[-38,60],[-27,7]],[[177754,138076],[-26,55],[91,85],[-6,26],[134,28],[70,87],[68,18],[2,37],[113,82],[3,-76],[-46,-55],[20,-44],[-66,-98],[-67,-14],[-142,-63],[-2,-33],[-146,-35]],[[164356,138371],[-9,24],[142,-6],[121,50],[27,38],[53,26],[40,-38],[29,-99],[44,-34],[8,-45],[-178,-6],[-61,45],[-67,-28],[-35,-64],[-82,19],[13,66],[-45,52]],[[151444,133763],[4,-79],[-39,-13],[-32,-67],[29,-37],[48,-165],[44,-24],[1,-38],[54,-57],[-13,-54],[20,-64],[-44,-4],[-47,56],[16,51],[-13,98],[-40,38],[-72,32],[-52,87],[33,124],[-46,53],[149,63]],[[171179,136062],[8,45],[77,4],[119,28],[69,-60],[52,-26],[-23,-35],[-62,-36],[-5,-57],[-97,13],[-16,56],[-122,68]],[[178399,137076],[18,44],[64,42],[41,-11],[107,5],[23,57],[64,-1],[-13,53],[52,35],[77,-24],[10,52],[49,-20],[-48,-44],[-102,-45],[-34,-48],[19,-37],[-92,-38],[-92,1],[-122,-40],[-21,19]],[[178191,136855],[-4,90],[32,9],[26,114],[71,-48],[-11,-72],[-67,-65],[25,-189],[-23,-46],[-51,-29],[-22,30],[0,81],[-18,50],[45,31],[-3,44]],[[171836,136403],[-43,63],[28,81],[78,-3],[57,26],[172,-44],[-11,-34],[-56,-37],[-69,8],[-46,-38],[-110,-22]],[[153817,135803],[85,-47],[30,-57],[-55,-37],[-129,-14],[-89,29],[-37,29],[59,32],[34,42],[102,23]],[[158604,137872],[43,64],[-15,99],[30,40],[51,-20],[25,-109],[38,-42],[-27,-58],[-49,-44],[-91,24],[-5,46]],[[179665,135697],[-4,125],[59,47],[61,26],[-9,-207],[28,-62],[-56,-23],[-54,34],[-25,60]],[[153756,135956],[-136,29],[95,66],[126,24],[54,-15],[-24,-68],[-115,-36]],[[162165,139882],[47,4],[1,-70],[-58,-6],[-94,-44],[-40,64],[-64,25],[13,34],[89,-23],[77,28],[29,-12]],[[177925,136802],[34,-55],[38,12],[28,-40],[-6,-57],[-118,-32],[-113,-6],[81,53],[56,125]],[[176751,135456],[28,-72],[-23,-17],[-98,0],[-88,-17],[-22,41],[64,88],[57,-35],[41,34],[41,-22]],[[153919,135897],[-16,25],[149,58],[120,-13],[-9,-62],[-76,-22],[-88,-3],[-80,17]],[[175804,137283],[51,22],[23,49],[59,-14],[-4,-81],[-26,-25],[-89,-25],[-14,74]],[[170911,136151],[71,-59],[-55,-50],[-109,39],[2,62],[42,30],[49,-22]],[[153971,136135],[30,17],[181,50],[27,-69],[-73,-26],[-56,-2],[-109,30]],[[175838,136614],[17,119],[120,82],[-7,-54],[-53,-59],[-43,-80],[-34,-8]],[[159452,137951],[-16,26],[36,101],[83,-52],[9,-25],[-27,-73],[-85,23]],[[150825,133453],[-50,-5],[-15,79],[51,32],[73,-22],[14,-48],[-37,-39],[-36,3]],[[176775,137502],[-59,-94],[-48,-24],[-27,62],[71,58],[20,59],[43,-61]],[[176200,135563],[4,223],[36,18],[37,-40],[-23,-25],[9,-86],[-63,-90]],[[150958,133705],[5,67],[72,4],[34,-58],[-72,-52],[-39,39]],[[161029,139619],[10,47],[75,40],[52,-41],[-57,-26],[-34,-51],[-46,31]],[[170743,136101],[2,-78],[-68,39],[-5,54],[34,27],[37,-42]],[[171548,135795],[-71,115],[83,-9],[28,-31],[3,-68],[-43,-7]],[[159705,135534],[18,-74],[-7,-46],[-58,1],[-6,52],[27,62],[26,5]],[[150888,133641],[-11,45],[41,27],[39,-13],[22,-62],[-56,-16],[-35,19]],[[178041,136573],[40,46],[57,5],[-19,-65],[-78,14]],[[176280,134908],[8,55],[43,-11],[-6,-56],[-45,12]],[[167864,135721],[-31,50],[34,48],[57,-24],[-60,-74]],[[176410,137189],[55,98],[27,-24],[-50,-80],[-32,6]],[[171335,135860],[35,36],[34,-55],[-46,-28],[-23,47]],[[179761,137630],[69,44],[6,-54],[-64,-18],[-11,28]],[[161605,138830],[7,62],[74,-57],[-81,-5]],[[176557,138081],[34,78],[39,-1],[-36,-90],[-37,13]],[[176430,137903],[-6,77],[61,4],[-25,-72],[-30,-9]],[[150934,133596],[-12,-30],[-62,19],[35,37],[39,-26]],[[176295,137115],[-43,-79],[-22,11],[42,91],[23,-23]],[[157872,138445],[22,25],[49,-39],[-45,-22],[-26,36]],[[242147,36979],[69,-43],[129,-11],[43,52],[37,-33],[-16,-135],[-97,-74],[-68,18],[-118,-104],[-5,73],[-29,57],[-77,24],[-120,1],[-114,-24],[-117,-62]],[[39782,142946],[22,65],[51,-10],[62,18],[43,-132],[-18,-77],[33,-26],[-76,-32],[-38,-59],[-59,-58],[16,-69],[-40,-68],[-12,-147],[-79,-9],[-34,23],[-51,196],[-57,26],[-119,8],[-59,31],[-105,-5],[-29,-35],[-63,19],[77,69],[34,88],[-46,83],[18,47],[60,-54],[81,-35],[95,-18],[136,35],[79,47],[78,79]],[[319580,63023],[-40,11],[-25,73],[20,99],[36,41],[64,-4],[81,-36],[42,-47],[90,-23],[18,-40],[-43,-76],[-82,-12],[-15,-23],[-146,37]]],"transform":{"scale":[0.00022253012083804736,0.00023303235202979693],"translate":[96.81703561945476,-43.74036459180864]},"objects":{"STE_2021_AUST_GDA2020":{"type":"GeometryCollection","geometries":[{"arcs":[[[0]],[[1,2,3,4,5,6],[7]]],"type":"MultiPolygon","properties":{"STE_CODE21":"1","STE_NAME21":"New South Wales","CHG_FLAG21":"0","CHG_LBL21":"No change","AUS_CODE21":"AUS","AUS_NAME21":"Australia","AREASQKM21":800797.6591,"LOCI_URI21":"http://linked.data.gov.au/dataset/asgsed3/STE/1"}},{"arcs":[[[8,-4,9]],[[10]],[[11]],[[12]],[[13]],[[14]],[[15]],[[16]]],"type":"MultiPolygon","properties":{"STE_CODE21":"2","STE_NAME21":"Victoria","CHG_FLAG21":"0","CHG_LBL21":"No change","AUS_CODE21":"AUS","AUS_NAME21":"Australia","AREASQKM21":227496.2479,"LOCI_URI21":"http://linked.data.gov.au/dataset/asgsed3/STE/2"}},{"arcs":[[[17,-6,18,19,20]],[[21]],[[22]],[[23]],[[24]],[[25]],[[26]],[[27]],[[28]],[[29]],[[30]],[[31]],[[32]],[[33]],[[34]],[[35]],[[36]],[[37]],[[38]],[[39]],[[40]],[[41]],[[42]],[[43]],[[44]],[[45]],[[46]],[[47]],[[48]],[[49]],[[50]],[[51]],[[52]],[[53]],[[54]],[[55]],[[56]],[[57]],[[58]],[[59]],[[60]],[[61]],[[62]],[[63]],[[64]],[[65]],[[66]],[[67]],[[68]],[[69]],[[70]],[[71]],[[72]],[[73]],[[74]],[[75]],[[76]],[[77]],[[78]],[[79]],[[80]],[[81]],[[82]],[[83]],[[84]],[[85]],[[86]],[[87]],[[88]],[[89]],[[90]],[[91]],[[92]],[[93]],[[94]],[[95]],[[96]],[[97]],[[98]],[[99]],[[100]],[[101]],[[102]],[[103]],[[104]],[[105]],[[106]],[[107]],[[108]],[[109]],[[110]],[[111]],[[112]],[[113]],[[114]],[[115]],[[116]],[[117]],[[118]],[[119]],[[120]],[[121]],[[122]],[[123]],[[124]],[[125]],[[126]],[[127]]],"type":"MultiPolygon","properties":{"STE_CODE21":"3","STE_NAME21":"Queensland","CHG_FLAG21":"0","CHG_LBL21":"No change","AUS_CODE21":"AUS","AUS_NAME21":"Australia","AREASQKM21":1730171.2208,"LOCI_URI21":"http://linked.data.gov.au/dataset/asgsed3/STE/3"}},{"arcs":[[[128,129,-19,-5,-9,130]],[[131]],[[132]],[[133]],[[134]],[[135]],[[136]],[[137]],[[138]],[[139]],[[140]],[[141]],[[142]],[[143]]],"type":"MultiPolygon","properties":{"STE_CODE21":"4","STE_NAME21":"South Australia","CHG_FLAG21":"0","CHG_LBL21":"No change","AUS_CODE21":"AUS","AUS_NAME21":"Australia","AREASQKM21":984231.4202,"LOCI_URI21":"http://linked.data.gov.au/dataset/asgsed3/STE/4"}},{"arcs":[[[144,-129,145]],[[146]],[[147]],[[148]],[[149]],[[150]],[[151]],[[152]],[[153]],[[154]],[[155]],[[156]],[[157]],[[158]],[[159]],[[160]],[[161]],[[162]],[[163]],[[164]],[[165]],[[166]],[[167]],[[168]],[[169]],[[170]],[[171]],[[172]],[[173]],[[174]],[[175]],[[176]],[[177]],[[178]],[[179]],[[180]],[[181]],[[182]],[[183]],[[184]],[[185]],[[186]],[[187]],[[188]],[[189]],[[190]],[[191]],[[192]],[[193]],[[194]],[[195]],[[196]],[[197]],[[198]],[[199]],[[200]],[[201]],[[202]],[[203]],[[204]],[[205]],[[206]],[[207]],[[208]],[[209]],[[210]],[[211]],[[212]],[[213]],[[214]],[[215]],[[216]],[[217]],[[218]],[[219]],[[220]],[[221]],[[222]],[[223]],[[224]],[[225]],[[226]],[[227]],[[228]],[[229]],[[230]],[[231]],[[232]],[[233]],[[234]],[[235]],[[236]],[[237]],[[238]],[[239]],[[240]],[[241]],[[242]],[[243]],[[244]],[[245]],[[246]],[[247]],[[248]],[[249]],[[250]],[[251]],[[252]],[[253]],[[254]],[[255]],[[256]],[[257]],[[258]],[[259]],[[260]],[[261]],[[262]],[[263]],[[264]],[[265]],[[266]],[[267]],[[268]],[[269]],[[270]],[[271]],[[272]],[[273]],[[274]],[[275]],[[276]],[[277]],[[278]],[[279]],[[280]],[[281]],[[282]]],"type":"MultiPolygon","properties":{"STE_CODE21":"5","STE_NAME21":"Western Australia","CHG_FLAG21":"0","CHG_LBL21":"No change","AUS_CODE21":"AUS","AUS_NAME21":"Australia","AREASQKM21":2526632.4825,"LOCI_URI21":"http://linked.data.gov.au/dataset/asgsed3/STE/5"}},{"arcs":[[[283]],[[284]],[[285]],[[286]],[[287]],[[288]],[[289]],[[290]],[[291]],[[292]],[[293]],[[294]],[[295]],[[296]],[[297]],[[298]],[[299]],[[300]],[[301]],[[302]],[[303]],[[304]],[[305]],[[306]],[[307]],[[308]]],"type":"MultiPolygon","properties":{"STE_CODE21":"6","STE_NAME21":"Tasmania","CHG_FLAG21":"0","CHG_LBL21":"No change","AUS_CODE21":"AUS","AUS_NAME21":"Australia","AREASQKM21":68017.5393,"LOCI_URI21":"http://linked.data.gov.au/dataset/asgsed3/STE/6"}},{"arcs":[[[-20,-130,-145,309]],[[310]],[[311]],[[312]],[[313]],[[314]],[[315]],[[316]],[[317]],[[318]],[[319]],[[320]],[[321]],[[322]],[[323]],[[324]],[[325]],[[326]],[[327]],[[328]],[[329]],[[330]],[[331]],[[332]],[[333]],[[334]],[[335]],[[336]],[[337]],[[338]],[[339]],[[340]],[[341]],[[342]],[[343]],[[344]],[[345]],[[346]],[[347]],[[348]],[[349]],[[350]],[[351]],[[352]],[[353]],[[354]],[[355]],[[356]],[[357]],[[358]],[[359]],[[360]],[[361]],[[362]],[[363]],[[364]],[[365]],[[366]],[[367]],[[368]],[[369]],[[370]],[[371]],[[372]],[[373]],[[374]],[[375]],[[376]],[[377]],[[378]],[[379]],[[380]],[[381]],[[382]],[[383]],[[384]],[[385]],[[386]],[[387]],[[388]],[[389]],[[390]]],"type":"MultiPolygon","properties":{"STE_CODE21":"7","STE_NAME21":"Northern Territory","CHG_FLAG21":"0","CHG_LBL21":"No change","AUS_CODE21":"AUS","AUS_NAME21":"Australia","AREASQKM21":1348134.4931,"LOCI_URI21":"http://linked.data.gov.au/dataset/asgsed3/STE/7"}},{"arcs":[[-8]],"type":"Polygon","properties":{"STE_CODE21":"8","STE_NAME21":"Australian Capital Territory","CHG_FLAG21":"0","CHG_LBL21":"No change","AUS_CODE21":"AUS","AUS_NAME21":"Australia","AREASQKM21":2358.133,"LOCI_URI21":"http://linked.data.gov.au/dataset/asgsed3/STE/8"}},{"arcs":[[[391,-2]],[[392]],[[393]]],"type":"MultiPolygon","properties":{"STE_CODE21":"9","STE_NAME21":"Other Territories","CHG_FLAG21":"0","CHG_LBL21":"No change","AUS_CODE21":"AUS","AUS_NAME21":"Australia","AREASQKM21":255.742,"LOCI_URI21":"http://linked.data.gov.au/dataset/asgsed3/STE/9"}},{"type":null,"properties":{"STE_CODE21":"Z","STE_NAME21":"Outside Australia","CHG_FLAG21":"1","CHG_LBL21":"New","AUS_CODE21":"ZZZ","AUS_NAME21":"Outside Australia","AREASQKM21":null,"LOCI_URI21":"http://linked.data.gov.au/dataset/asgsed3/STE/Z"}}]}}}